2026-08-21 02:46:33.881 INFO  [main] com.lhind.event_booking_api.controller.NotificationControllerTest - Starting NotificationControllerTest using Java 17.0.12 with PID 19368 (started by krist in C:\Users\krist\OneDrive\Desktop\event-booking-api)
2026-08-21 02:46:33.904 DEBUG [main] com.lhind.event_booking_api.controller.NotificationControllerTest - Running with Spring Boot v4.1.0, Spring v7.0.8
2026-08-21 02:46:33.906 INFO  [main] com.lhind.event_booking_api.controller.NotificationControllerTest - The following 1 profile is active: "dev"
2026-08-21 02:46:35.986 WARN  [main] org.springframework.boot.security.autoconfigure.UserDetailsServiceAutoConfiguration - 

Using generated security password: a6a0963b-b5fe-4b96-a833-f33c45db66dc

This generated password is for development use only. Your security configuration must be updated before running your application in production.

2026-08-21 02:46:36.019 INFO  [main] org.springframework.boot.test.mock.web.SpringBootMockServletContext - Initializing Spring TestDispatcherServlet ''
2026-08-21 02:46:36.019 INFO  [main] org.springframework.test.web.servlet.TestDispatcherServlet - Initializing Servlet ''
2026-08-21 02:46:36.032 INFO  [main] org.springframework.test.web.servlet.TestDispatcherServlet - Completed initialization in 13 ms
2026-08-21 02:46:36.111 WARN  [main] org.springframework.security.config.annotation.authentication.configuration.InitializeUserDetailsBeanManagerConfigurer$InitializeUserDetailsManagerConfigurer - Found 2 UserDetailsService beans, with names [inMemoryUserDetailsManager, com.lhind.event_booking_api.security.CustomUserDetailsService#0]. Global Authentication Manager will not use a UserDetailsService for username/password login. Consider publishing a single UserDetailsService bean.
2026-08-21 02:46:36.491 INFO  [main] com.lhind.event_booking_api.controller.NotificationControllerTest - Started NotificationControllerTest in 3.352 seconds (process running for 12.697)
2026-08-21 02:46:36.701 INFO  [main] org.springframework.test.context.support.AnnotationConfigContextLoaderUtils - Could not detect default configuration classes for test class [com.lhind.event_booking_api.controller.PaymentControllerTest]: PaymentControllerTest does not declare any static, non-private, non-final, nested classes annotated with @Configuration.
2026-08-21 02:46:36.717 INFO  [main] org.springframework.boot.test.context.SpringBootTestContextBootstrapper - Found @SpringBootConfiguration com.lhind.event_booking_api.EventBookingApiApplication for test class com.lhind.event_booking_api.controller.PaymentControllerTest
2026-08-21 02:46:36.717 INFO  [main] org.springframework.test.context.support.AnnotationConfigContextLoaderUtils - Could not detect default configuration classes for test class [com.lhind.event_booking_api.controller.PaymentControllerTest]: PaymentControllerTest does not declare any static, non-private, non-final, nested classes annotated with @Configuration.
2026-08-21 02:46:36.733 INFO  [main] org.springframework.boot.test.context.SpringBootTestContextBootstrapper - Found @SpringBootConfiguration com.lhind.event_booking_api.EventBookingApiApplication for test class com.lhind.event_booking_api.controller.PaymentControllerTest
2026-08-21 02:46:36.812 INFO  [main] com.lhind.event_booking_api.controller.PaymentControllerTest - Starting PaymentControllerTest using Java 17.0.12 with PID 19368 (started by krist in C:\Users\krist\OneDrive\Desktop\event-booking-api)
2026-08-21 02:46:36.814 DEBUG [main] com.lhind.event_booking_api.controller.PaymentControllerTest - Running with Spring Boot v4.1.0, Spring v7.0.8
2026-08-21 02:46:36.816 INFO  [main] com.lhind.event_booking_api.controller.PaymentControllerTest - The following 1 profile is active: "dev"
2026-08-21 02:46:37.392 WARN  [main] org.springframework.boot.security.autoconfigure.UserDetailsServiceAutoConfiguration - 

Using generated security password: e9bd3c75-258c-4190-b7e3-7617bd1002e6

This generated password is for development use only. Your security configuration must be updated before running your application in production.

2026-08-21 02:46:37.397 INFO  [main] org.springframework.boot.test.mock.web.SpringBootMockServletContext - Initializing Spring TestDispatcherServlet ''
2026-08-21 02:46:37.397 INFO  [main] org.springframework.test.web.servlet.TestDispatcherServlet - Initializing Servlet ''
2026-08-21 02:46:37.397 INFO  [main] org.springframework.test.web.servlet.TestDispatcherServlet - Completed initialization in 0 ms
2026-08-21 02:46:37.424 WARN  [main] org.springframework.security.config.annotation.authentication.configuration.InitializeUserDetailsBeanManagerConfigurer$InitializeUserDetailsManagerConfigurer - Found 2 UserDetailsService beans, with names [inMemoryUserDetailsManager, com.lhind.event_booking_api.security.CustomUserDetailsService#0]. Global Authentication Manager will not use a UserDetailsService for username/password login. Consider publishing a single UserDetailsService bean.
2026-08-21 02:46:37.485 INFO  [main] com.lhind.event_booking_api.controller.PaymentControllerTest - Started PaymentControllerTest in 0.746 seconds (process running for 13.688)
2026-08-21 02:46:37.671 INFO  [main] org.springframework.mock.web.MockServletContext - Initializing Spring TestDispatcherServlet ''
2026-08-21 02:46:37.671 INFO  [main] org.springframework.test.web.servlet.TestDispatcherServlet - Initializing Servlet ''
2026-08-21 02:46:37.672 INFO  [main] org.springframework.test.web.servlet.TestDispatcherServlet - Completed initialization in 0 ms
2026-08-21 02:46:37.692 INFO  [main] org.springframework.mock.web.MockServletContext - Initializing Spring TestDispatcherServlet ''
2026-08-21 02:46:37.692 INFO  [main] org.springframework.test.web.servlet.TestDispatcherServlet - Initializing Servlet ''
2026-08-21 02:46:37.692 INFO  [main] org.springframework.test.web.servlet.TestDispatcherServlet - Completed initialization in 0 ms
2026-08-21 02:46:37.706 WARN  [main] org.springframework.web.servlet.mvc.support.DefaultHandlerExceptionResolver - Resolved [org.springframework.web.bind.MethodArgumentNotValidException: Validation failed for argument [0] in public org.springframework.http.ResponseEntity<com.lhind.event_booking_api.dto.review.ReviewResponse> com.lhind.event_booking_api.controller.ReviewController.createReview(com.lhind.event_booking_api.dto.review.ReviewRequest) with 2 errors: [Field error in object 'reviewRequest' on field 'eventId': rejected value [null]; codes [NotNull.reviewRequest.eventId,NotNull.eventId,NotNull.java.lang.Long,NotNull]; arguments [org.springframework.context.support.DefaultMessageSourceResolvable: codes [reviewRequest.eventId,eventId]; arguments []; default message [eventId]]; default message [Event id is required]] [Field error in object 'reviewRequest' on field 'ratingReview': rejected value [null]; codes [NotNull.reviewRequest.ratingReview,NotNull.ratingReview,NotNull.java.lang.Integer,NotNull]; arguments [org.springframework.context.support.DefaultMessageSourceResolvable: codes [reviewRequest.ratingReview,ratingReview]; arguments []; default message [ratingReview]]; default message [Rating is required]] ]
2026-08-21 02:46:37.717 INFO  [main] org.springframework.mock.web.MockServletContext - Initializing Spring TestDispatcherServlet ''
2026-08-21 02:46:37.717 INFO  [main] org.springframework.test.web.servlet.TestDispatcherServlet - Initializing Servlet ''
2026-08-21 02:46:37.719 INFO  [main] org.springframework.test.web.servlet.TestDispatcherServlet - Completed initialization in 2 ms
2026-08-21 02:46:37.737 INFO  [main] org.springframework.mock.web.MockServletContext - Initializing Spring TestDispatcherServlet ''
2026-08-21 02:46:37.737 INFO  [main] org.springframework.test.web.servlet.TestDispatcherServlet - Initializing Servlet ''
2026-08-21 02:46:37.737 INFO  [main] org.springframework.test.web.servlet.TestDispatcherServlet - Completed initialization in 0 ms
2026-08-21 02:46:37.747 WARN  [main] org.springframework.web.servlet.mvc.support.DefaultHandlerExceptionResolver - Resolved [org.springframework.web.bind.MethodArgumentNotValidException: Validation failed for argument [1] in public org.springframework.http.ResponseEntity<com.lhind.event_booking_api.dto.review.ReviewResponse> com.lhind.event_booking_api.controller.ReviewController.updateReview(java.lang.Long,com.lhind.event_booking_api.dto.review.ReviewRequest) with 2 errors: [Field error in object 'reviewRequest' on field 'eventId': rejected value [null]; codes [NotNull.reviewRequest.eventId,NotNull.eventId,NotNull.java.lang.Long,NotNull]; arguments [org.springframework.context.support.DefaultMessageSourceResolvable: codes [reviewRequest.eventId,eventId]; arguments []; default message [eventId]]; default message [Event id is required]] [Field error in object 'reviewRequest' on field 'ratingReview': rejected value [null]; codes [NotNull.reviewRequest.ratingReview,NotNull.ratingReview,NotNull.java.lang.Integer,NotNull]; arguments [org.springframework.context.support.DefaultMessageSourceResolvable: codes [reviewRequest.ratingReview,ratingReview]; arguments []; default message [ratingReview]]; default message [Rating is required]] ]
2026-08-21 02:46:37.758 INFO  [main] org.springframework.mock.web.MockServletContext - Initializing Spring TestDispatcherServlet ''
2026-08-21 02:46:37.758 INFO  [main] org.springframework.test.web.servlet.TestDispatcherServlet - Initializing Servlet ''
2026-08-21 02:46:37.758 INFO  [main] org.springframework.test.web.servlet.TestDispatcherServlet - Completed initialization in 0 ms
2026-08-21 02:46:37.775 INFO  [main] org.springframework.mock.web.MockServletContext - Initializing Spring TestDispatcherServlet ''
2026-08-21 02:46:37.775 INFO  [main] org.springframework.test.web.servlet.TestDispatcherServlet - Initializing Servlet ''
2026-08-21 02:46:37.775 INFO  [main] org.springframework.test.web.servlet.TestDispatcherServlet - Completed initialization in 0 ms
2026-08-21 02:46:37.798 INFO  [main] org.springframework.mock.web.MockServletContext - Initializing Spring TestDispatcherServlet ''
2026-08-21 02:46:37.798 INFO  [main] org.springframework.test.web.servlet.TestDispatcherServlet - Initializing Servlet ''
2026-08-21 02:46:37.798 INFO  [main] org.springframework.test.web.servlet.TestDispatcherServlet - Completed initialization in 0 ms
2026-08-21 02:46:37.816 INFO  [main] org.springframework.mock.web.MockServletContext - Initializing Spring TestDispatcherServlet ''
2026-08-21 02:46:37.816 INFO  [main] org.springframework.test.web.servlet.TestDispatcherServlet - Initializing Servlet ''
2026-08-21 02:46:37.816 INFO  [main] org.springframework.test.web.servlet.TestDispatcherServlet - Completed initialization in 0 ms
2026-08-21 02:46:37.900 INFO  [main] org.springframework.mock.web.MockServletContext - Initializing Spring TestDispatcherServlet ''
2026-08-21 02:46:37.900 INFO  [main] org.springframework.test.web.servlet.TestDispatcherServlet - Initializing Servlet ''
2026-08-21 02:46:37.902 INFO  [main] org.springframework.test.web.servlet.TestDispatcherServlet - Completed initialization in 2 ms
2026-08-21 02:46:37.922 INFO  [main] org.springframework.mock.web.MockServletContext - Initializing Spring TestDispatcherServlet ''
2026-08-21 02:46:37.922 INFO  [main] org.springframework.test.web.servlet.TestDispatcherServlet - Initializing Servlet ''
2026-08-21 02:46:37.924 INFO  [main] org.springframework.test.web.servlet.TestDispatcherServlet - Completed initialization in 2 ms
2026-08-21 02:46:37.927 INFO  [main] org.springframework.mock.web.MockServletContext - Initializing Spring TestDispatcherServlet ''
2026-08-21 02:46:37.927 INFO  [main] org.springframework.test.web.servlet.TestDispatcherServlet - Initializing Servlet ''
2026-08-21 02:46:37.927 INFO  [main] org.springframework.test.web.servlet.TestDispatcherServlet - Completed initialization in 0 ms
2026-08-21 02:46:37.964 INFO  [main] org.springframework.mock.web.MockServletContext - Initializing Spring TestDispatcherServlet ''
2026-08-21 02:46:37.975 INFO  [main] org.springframework.test.web.servlet.TestDispatcherServlet - Initializing Servlet ''
2026-08-21 02:46:37.975 INFO  [main] org.springframework.test.web.servlet.TestDispatcherServlet - Completed initialization in 0 ms
2026-08-21 02:46:37.981 WARN  [main] org.springframework.web.servlet.mvc.support.DefaultHandlerExceptionResolver - Resolved [org.springframework.web.bind.MethodArgumentNotValidException: Validation failed for argument [0] in public org.springframework.http.ResponseEntity<com.lhind.event_booking_api.dto.seat.SeatResponse> com.lhind.event_booking_api.controller.SeatController.createSeat(com.lhind.event_booking_api.dto.seat.SeatRequest) with 3 errors: [Field error in object 'seatRequest' on field 'venue': rejected value [null]; codes [NotNull.seatRequest.venue,NotNull.venue,NotNull.com.lhind.event_booking_api.dto.reference.VenueReferenceRequest,NotNull]; arguments [org.springframework.context.support.DefaultMessageSourceResolvable: codes [seatRequest.venue,venue]; arguments []; default message [venue]]; default message [Venue is required]] [Field error in object 'seatRequest' on field 'rowNumber': rejected value [null]; codes [NotBlank.seatRequest.rowNumber,NotBlank.rowNumber,NotBlank.java.lang.String,NotBlank]; arguments [org.springframework.context.support.DefaultMessageSourceResolvable: codes [seatRequest.rowNumber,rowNumber]; arguments []; default message [rowNumber]]; default message [Row number is required]] [Field error in object 'seatRequest' on field 'seatNumber': rejected value [null]; codes [NotNull.seatRequest.seatNumber,NotNull.seatNumber,NotNull.java.lang.Integer,NotNull]; arguments [org.springframework.context.support.DefaultMessageSourceResolvable: codes [seatRequest.seatNumber,seatNumber]; arguments []; default message [seatNumber]]; default message [Seat number is required]] ]
2026-08-21 02:46:37.993 INFO  [main] org.springframework.mock.web.MockServletContext - Initializing Spring TestDispatcherServlet ''
2026-08-21 02:46:37.993 INFO  [main] org.springframework.test.web.servlet.TestDispatcherServlet - Initializing Servlet ''
2026-08-21 02:46:37.993 INFO  [main] org.springframework.test.web.servlet.TestDispatcherServlet - Completed initialization in 0 ms
2026-08-21 02:46:38.011 INFO  [main] org.springframework.mock.web.MockServletContext - Initializing Spring TestDispatcherServlet ''
2026-08-21 02:46:38.011 INFO  [main] org.springframework.test.web.servlet.TestDispatcherServlet - Initializing Servlet ''
2026-08-21 02:46:38.011 INFO  [main] org.springframework.test.web.servlet.TestDispatcherServlet - Completed initialization in 0 ms
2026-08-21 02:46:38.027 INFO  [main] org.springframework.mock.web.MockServletContext - Initializing Spring TestDispatcherServlet ''
2026-08-21 02:46:38.027 INFO  [main] org.springframework.test.web.servlet.TestDispatcherServlet - Initializing Servlet ''
2026-08-21 02:46:38.027 INFO  [main] org.springframework.test.web.servlet.TestDispatcherServlet - Completed initialization in 0 ms
2026-08-21 02:46:38.031 WARN  [main] org.springframework.web.servlet.mvc.support.DefaultHandlerExceptionResolver - Resolved [org.springframework.web.bind.MethodArgumentNotValidException: Validation failed for argument [1] in public org.springframework.http.ResponseEntity<com.lhind.event_booking_api.dto.seat.SeatResponse> com.lhind.event_booking_api.controller.SeatController.updateSeat(java.lang.Long,com.lhind.event_booking_api.dto.seat.SeatRequest) with 3 errors: [Field error in object 'seatRequest' on field 'venue': rejected value [null]; codes [NotNull.seatRequest.venue,NotNull.venue,NotNull.com.lhind.event_booking_api.dto.reference.VenueReferenceRequest,NotNull]; arguments [org.springframework.context.support.DefaultMessageSourceResolvable: codes [seatRequest.venue,venue]; arguments []; default message [venue]]; default message [Venue is required]] [Field error in object 'seatRequest' on field 'seatNumber': rejected value [null]; codes [NotNull.seatRequest.seatNumber,NotNull.seatNumber,NotNull.java.lang.Integer,NotNull]; arguments [org.springframework.context.support.DefaultMessageSourceResolvable: codes [seatRequest.seatNumber,seatNumber]; arguments []; default message [seatNumber]]; default message [Seat number is required]] [Field error in object 'seatRequest' on field 'rowNumber': rejected value [null]; codes [NotBlank.seatRequest.rowNumber,NotBlank.rowNumber,NotBlank.java.lang.String,NotBlank]; arguments [org.springframework.context.support.DefaultMessageSourceResolvable: codes [seatRequest.rowNumber,rowNumber]; arguments []; default message [rowNumber]]; default message [Row number is required]] ]
2026-08-21 02:46:38.046 INFO  [main] org.springframework.mock.web.MockServletContext - Initializing Spring TestDispatcherServlet ''
2026-08-21 02:46:38.046 INFO  [main] org.springframework.test.web.servlet.TestDispatcherServlet - Initializing Servlet ''
2026-08-21 02:46:38.046 INFO  [main] org.springframework.test.web.servlet.TestDispatcherServlet - Completed initialization in 0 ms
2026-08-21 02:46:38.124 INFO  [main] org.springframework.mock.web.MockServletContext - Initializing Spring TestDispatcherServlet ''
2026-08-21 02:46:38.124 INFO  [main] org.springframework.test.web.servlet.TestDispatcherServlet - Initializing Servlet ''
2026-08-21 02:46:38.124 INFO  [main] org.springframework.test.web.servlet.TestDispatcherServlet - Completed initialization in 0 ms
2026-08-21 02:46:38.141 INFO  [main] org.springframework.mock.web.MockServletContext - Initializing Spring TestDispatcherServlet ''
2026-08-21 02:46:38.141 INFO  [main] org.springframework.test.web.servlet.TestDispatcherServlet - Initializing Servlet ''
2026-08-21 02:46:38.143 INFO  [main] org.springframework.test.web.servlet.TestDispatcherServlet - Completed initialization in 2 ms
2026-08-21 02:46:38.161 INFO  [main] org.springframework.mock.web.MockServletContext - Initializing Spring TestDispatcherServlet ''
2026-08-21 02:46:38.161 INFO  [main] org.springframework.test.web.servlet.TestDispatcherServlet - Initializing Servlet ''
2026-08-21 02:46:38.164 INFO  [main] org.springframework.test.web.servlet.TestDispatcherServlet - Completed initialization in 0 ms
2026-08-21 02:46:38.174 INFO  [main] org.springframework.mock.web.MockServletContext - Initializing Spring TestDispatcherServlet ''
2026-08-21 02:46:38.174 INFO  [main] org.springframework.test.web.servlet.TestDispatcherServlet - Initializing Servlet ''
2026-08-21 02:46:38.174 INFO  [main] org.springframework.test.web.servlet.TestDispatcherServlet - Completed initialization in 0 ms
2026-08-21 02:46:38.186 WARN  [main] org.springframework.web.servlet.mvc.support.DefaultHandlerExceptionResolver - Resolved [org.springframework.web.bind.MethodArgumentNotValidException: Validation failed for argument [1] in public org.springframework.http.ResponseEntity<com.lhind.event_booking_api.dto.user.UserResponse> com.lhind.event_booking_api.controller.UserController.updateUserRole(java.lang.Long,com.lhind.event_booking_api.dto.user.RoleUpdateRequest): [Field error in object 'roleUpdateRequest' on field 'role': rejected value [null]; codes [NotNull.roleUpdateRequest.role,NotNull.role,NotNull.com.lhind.event_booking_api.entity.Role,NotNull]; arguments [org.springframework.context.support.DefaultMessageSourceResolvable: codes [roleUpdateRequest.role,role]; arguments []; default message [role]]; default message [Role is required]] ]
2026-08-21 02:46:38.195 INFO  [main] org.springframework.mock.web.MockServletContext - Initializing Spring TestDispatcherServlet ''
2026-08-21 02:46:38.195 INFO  [main] org.springframework.test.web.servlet.TestDispatcherServlet - Initializing Servlet ''
2026-08-21 02:46:38.196 INFO  [main] org.springframework.test.web.servlet.TestDispatcherServlet - Completed initialization in 1 ms
2026-08-21 02:46:38.214 INFO  [main] org.springframework.mock.web.MockServletContext - Initializing Spring TestDispatcherServlet ''
2026-08-21 02:46:38.214 INFO  [main] org.springframework.test.web.servlet.TestDispatcherServlet - Initializing Servlet ''
2026-08-21 02:46:38.214 INFO  [main] org.springframework.test.web.servlet.TestDispatcherServlet - Completed initialization in 0 ms
2026-08-21 02:46:38.228 WARN  [main] org.springframework.web.servlet.mvc.support.DefaultHandlerExceptionResolver - Resolved [org.springframework.web.bind.MethodArgumentNotValidException: Validation failed for argument [0] in public org.springframework.http.ResponseEntity<java.lang.Void> com.lhind.event_booking_api.controller.UserController.changePassword(com.lhind.event_booking_api.dto.user.ChangePasswordRequest) with 4 errors: [Field error in object 'changePasswordRequest' on field 'currentPassword': rejected value []; codes [NotBlank.changePasswordRequest.currentPassword,NotBlank.currentPassword,NotBlank.java.lang.String,NotBlank]; arguments [org.springframework.context.support.DefaultMessageSourceResolvable: codes [changePasswordRequest.currentPassword,currentPassword]; arguments []; default message [currentPassword]]; default message [Current password is required]] [Field error in object 'changePasswordRequest' on field 'newPassword': rejected value []; codes [Size.changePasswordRequest.newPassword,Size.newPassword,Size.java.lang.String,Size]; arguments [org.springframework.context.support.DefaultMessageSourceResolvable: codes [changePasswordRequest.newPassword,newPassword]; arguments []; default message [newPassword],100,8]; default message [New password must be between 8 and 100 characters]] [Field error in object 'changePasswordRequest' on field 'confirmPassword': rejected value []; codes [NotBlank.changePasswordRequest.confirmPassword,NotBlank.confirmPassword,NotBlank.java.lang.String,NotBlank]; arguments [org.springframework.context.support.DefaultMessageSourceResolvable: codes [changePasswordRequest.confirmPassword,confirmPassword]; arguments []; default message [confirmPassword]]; default message [Password confirmation is required]] [Field error in object 'changePasswordRequest' on field 'newPassword': rejected value []; codes [NotBlank.changePasswordRequest.newPassword,NotBlank.newPassword,NotBlank.java.lang.String,NotBlank]; arguments [org.springframework.context.support.DefaultMessageSourceResolvable: codes [changePasswordRequest.newPassword,newPassword]; arguments []; default message [newPassword]]; default message [New password is required]] ]
2026-08-21 02:46:38.235 INFO  [main] org.springframework.mock.web.MockServletContext - Initializing Spring TestDispatcherServlet ''
2026-08-21 02:46:38.235 INFO  [main] org.springframework.test.web.servlet.TestDispatcherServlet - Initializing Servlet ''
2026-08-21 02:46:38.235 INFO  [main] org.springframework.test.web.servlet.TestDispatcherServlet - Completed initialization in 0 ms
2026-08-21 02:46:38.252 INFO  [main] org.springframework.mock.web.MockServletContext - Initializing Spring TestDispatcherServlet ''
2026-08-21 02:46:38.255 INFO  [main] org.springframework.test.web.servlet.TestDispatcherServlet - Initializing Servlet ''
2026-08-21 02:46:38.255 INFO  [main] org.springframework.test.web.servlet.TestDispatcherServlet - Completed initialization in 0 ms
2026-08-21 02:46:38.272 INFO  [main] org.springframework.mock.web.MockServletContext - Initializing Spring TestDispatcherServlet ''
2026-08-21 02:46:38.272 INFO  [main] org.springframework.test.web.servlet.TestDispatcherServlet - Initializing Servlet ''
2026-08-21 02:46:38.272 INFO  [main] org.springframework.test.web.servlet.TestDispatcherServlet - Completed initialization in 0 ms
2026-08-21 02:46:38.279 WARN  [main] org.springframework.web.servlet.mvc.support.DefaultHandlerExceptionResolver - Resolved [org.springframework.web.bind.MethodArgumentNotValidException: Validation failed for argument [0] in public org.springframework.http.ResponseEntity<com.lhind.event_booking_api.dto.user.UserResponse> com.lhind.event_booking_api.controller.UserController.updateCurrentUser(com.lhind.event_booking_api.dto.user.UserUpdateRequest) with 5 errors: [Field error in object 'userUpdateRequest' on field 'firstName': rejected value []; codes [Size.userUpdateRequest.firstName,Size.firstName,Size.java.lang.String,Size]; arguments [org.springframework.context.support.DefaultMessageSourceResolvable: codes [userUpdateRequest.firstName,firstName]; arguments []; default message [firstName],50,2]; default message [First name must be between 2 and 50 characters]] [Field error in object 'userUpdateRequest' on field 'lastName': rejected value []; codes [Size.userUpdateRequest.lastName,Size.lastName,Size.java.lang.String,Size]; arguments [org.springframework.context.support.DefaultMessageSourceResolvable: codes [userUpdateRequest.lastName,lastName]; arguments []; default message [lastName],50,2]; default message [Last name must be between 2 and 50 characters]] [Field error in object 'userUpdateRequest' on field 'lastName': rejected value []; codes [NotBlank.userUpdateRequest.lastName,NotBlank.lastName,NotBlank.java.lang.String,NotBlank]; arguments [org.springframework.context.support.DefaultMessageSourceResolvable: codes [userUpdateRequest.lastName,lastName]; arguments []; default message [lastName]]; default message [Last name is required]] [Field error in object 'userUpdateRequest' on field 'email': rejected value [invalid-email]; codes [Email.userUpdateRequest.email,Email.email,Email.java.lang.String,Email]; arguments [org.springframework.context.support.DefaultMessageSourceResolvable: codes [userUpdateRequest.email,email]; arguments []; default message [email],[Ljakarta.validation.constraints.Pattern$Flag;@6339e604,.*]; default message [Email format is invalid]] [Field error in object 'userUpdateRequest' on field 'firstName': rejected value []; codes [NotBlank.userUpdateRequest.firstName,NotBlank.firstName,NotBlank.java.lang.String,NotBlank]; arguments [org.springframework.context.support.DefaultMessageSourceResolvable: codes [userUpdateRequest.firstName,firstName]; arguments []; default message [firstName]]; default message [First name is required]] ]
2026-08-21 02:46:38.293 INFO  [main] org.springframework.mock.web.MockServletContext - Initializing Spring TestDispatcherServlet ''
2026-08-21 02:46:38.293 INFO  [main] org.springframework.test.web.servlet.TestDispatcherServlet - Initializing Servlet ''
2026-08-21 02:46:38.293 INFO  [main] org.springframework.test.web.servlet.TestDispatcherServlet - Completed initialization in 0 ms
2026-08-21 02:46:38.367 INFO  [main] org.springframework.mock.web.MockServletContext - Initializing Spring TestDispatcherServlet ''
2026-08-21 02:46:38.367 INFO  [main] org.springframework.test.web.servlet.TestDispatcherServlet - Initializing Servlet ''
2026-08-21 02:46:38.367 INFO  [main] org.springframework.test.web.servlet.TestDispatcherServlet - Completed initialization in 0 ms
2026-08-21 02:46:38.384 INFO  [main] org.springframework.mock.web.MockServletContext - Initializing Spring TestDispatcherServlet ''
2026-08-21 02:46:38.386 INFO  [main] org.springframework.test.web.servlet.TestDispatcherServlet - Initializing Servlet ''
2026-08-21 02:46:38.386 INFO  [main] org.springframework.test.web.servlet.TestDispatcherServlet - Completed initialization in 0 ms
2026-08-21 02:46:38.400 INFO  [main] org.springframework.mock.web.MockServletContext - Initializing Spring TestDispatcherServlet ''
2026-08-21 02:46:38.400 INFO  [main] org.springframework.test.web.servlet.TestDispatcherServlet - Initializing Servlet ''
2026-08-21 02:46:38.400 INFO  [main] org.springframework.test.web.servlet.TestDispatcherServlet - Completed initialization in 0 ms
2026-08-21 02:46:38.407 WARN  [main] org.springframework.web.servlet.mvc.support.DefaultHandlerExceptionResolver - Resolved [org.springframework.web.bind.MethodArgumentNotValidException: Validation failed for argument [0] in public org.springframework.http.ResponseEntity<com.lhind.event_booking_api.dto.venue.VenueResponse> com.lhind.event_booking_api.controller.VenueController.createVenue(com.lhind.event_booking_api.dto.venue.VenueRequest) with 4 errors: [Field error in object 'venueRequest' on field 'venueCity': rejected value [null]; codes [NotBlank.venueRequest.venueCity,NotBlank.venueCity,NotBlank.java.lang.String,NotBlank]; arguments [org.springframework.context.support.DefaultMessageSourceResolvable: codes [venueRequest.venueCity,venueCity]; arguments []; default message [venueCity]]; default message [Venue city is required]] [Field error in object 'venueRequest' on field 'venueAddress': rejected value [null]; codes [NotBlank.venueRequest.venueAddress,NotBlank.venueAddress,NotBlank.java.lang.String,NotBlank]; arguments [org.springframework.context.support.DefaultMessageSourceResolvable: codes [venueRequest.venueAddress,venueAddress]; arguments []; default message [venueAddress]]; default message [Venue address is required]] [Field error in object 'venueRequest' on field 'venueName': rejected value [null]; codes [NotBlank.venueRequest.venueName,NotBlank.venueName,NotBlank.java.lang.String,NotBlank]; arguments [org.springframework.context.support.DefaultMessageSourceResolvable: codes [venueRequest.venueName,venueName]; arguments []; default message [venueName]]; default message [Venue name is required]] [Field error in object 'venueRequest' on field 'venueCapacity': rejected value [null]; codes [NotNull.venueRequest.venueCapacity,NotNull.venueCapacity,NotNull.java.lang.Integer,NotNull]; arguments [org.springframework.context.support.DefaultMessageSourceResolvable: codes [venueRequest.venueCapacity,venueCapacity]; arguments []; default message [venueCapacity]]; default message [Venue capacity is required]] ]
2026-08-21 02:46:38.420 INFO  [main] org.springframework.mock.web.MockServletContext - Initializing Spring TestDispatcherServlet ''
2026-08-21 02:46:38.420 INFO  [main] org.springframework.test.web.servlet.TestDispatcherServlet - Initializing Servlet ''
2026-08-21 02:46:38.420 INFO  [main] org.springframework.test.web.servlet.TestDispatcherServlet - Completed initialization in 0 ms
2026-08-21 02:46:38.438 INFO  [main] org.springframework.mock.web.MockServletContext - Initializing Spring TestDispatcherServlet ''
2026-08-21 02:46:38.438 INFO  [main] org.springframework.test.web.servlet.TestDispatcherServlet - Initializing Servlet ''
2026-08-21 02:46:38.438 INFO  [main] org.springframework.test.web.servlet.TestDispatcherServlet - Completed initialization in 0 ms
2026-08-21 02:46:38.444 WARN  [main] org.springframework.web.servlet.mvc.support.DefaultHandlerExceptionResolver - Resolved [org.springframework.web.bind.MethodArgumentNotValidException: Validation failed for argument [1] in public org.springframework.http.ResponseEntity<com.lhind.event_booking_api.dto.venue.VenueResponse> com.lhind.event_booking_api.controller.VenueController.updateVenue(java.lang.Long,com.lhind.event_booking_api.dto.venue.VenueRequest) with 4 errors: [Field error in object 'venueRequest' on field 'venueName': rejected value [null]; codes [NotBlank.venueRequest.venueName,NotBlank.venueName,NotBlank.java.lang.String,NotBlank]; arguments [org.springframework.context.support.DefaultMessageSourceResolvable: codes [venueRequest.venueName,venueName]; arguments []; default message [venueName]]; default message [Venue name is required]] [Field error in object 'venueRequest' on field 'venueCity': rejected value [null]; codes [NotBlank.venueRequest.venueCity,NotBlank.venueCity,NotBlank.java.lang.String,NotBlank]; arguments [org.springframework.context.support.DefaultMessageSourceResolvable: codes [venueRequest.venueCity,venueCity]; arguments []; default message [venueCity]]; default message [Venue city is required]] [Field error in object 'venueRequest' on field 'venueAddress': rejected value [null]; codes [NotBlank.venueRequest.venueAddress,NotBlank.venueAddress,NotBlank.java.lang.String,NotBlank]; arguments [org.springframework.context.support.DefaultMessageSourceResolvable: codes [venueRequest.venueAddress,venueAddress]; arguments []; default message [venueAddress]]; default message [Venue address is required]] [Field error in object 'venueRequest' on field 'venueCapacity': rejected value [null]; codes [NotNull.venueRequest.venueCapacity,NotNull.venueCapacity,NotNull.java.lang.Integer,NotNull]; arguments [org.springframework.context.support.DefaultMessageSourceResolvable: codes [venueRequest.venueCapacity,venueCapacity]; arguments []; default message [venueCapacity]]; default message [Venue capacity is required]] ]
2026-08-21 02:46:38.457 INFO  [main] org.springframework.mock.web.MockServletContext - Initializing Spring TestDispatcherServlet ''
2026-08-21 02:46:38.459 INFO  [main] org.springframework.test.web.servlet.TestDispatcherServlet - Initializing Servlet ''
2026-08-21 02:46:38.459 INFO  [main] org.springframework.test.web.servlet.TestDispatcherServlet - Completed initialization in 0 ms
2026-08-21 02:46:38.472 INFO  [main] org.springframework.mock.web.MockServletContext - Initializing Spring TestDispatcherServlet ''
2026-08-21 02:46:38.472 INFO  [main] org.springframework.test.web.servlet.TestDispatcherServlet - Initializing Servlet ''
2026-08-21 02:46:38.472 INFO  [main] org.springframework.test.web.servlet.TestDispatcherServlet - Completed initialization in 0 ms
2026-08-21 02:46:38.480 INFO  [main] org.springframework.test.context.support.AnnotationConfigContextLoaderUtils - Could not detect default configuration classes for test class [com.lhind.event_booking_api.controller.WaitlistControllerTest]: WaitlistControllerTest does not declare any static, non-private, non-final, nested classes annotated with @Configuration.
2026-08-21 02:46:38.496 INFO  [main] org.springframework.boot.test.context.SpringBootTestContextBootstrapper - Found @SpringBootConfiguration com.lhind.event_booking_api.EventBookingApiApplication for test class com.lhind.event_booking_api.controller.WaitlistControllerTest
2026-08-21 02:46:38.496 INFO  [main] org.springframework.test.context.support.AnnotationConfigContextLoaderUtils - Could not detect default configuration classes for test class [com.lhind.event_booking_api.controller.WaitlistControllerTest]: WaitlistControllerTest does not declare any static, non-private, non-final, nested classes annotated with @Configuration.
2026-08-21 02:46:38.504 INFO  [main] org.springframework.boot.test.context.SpringBootTestContextBootstrapper - Found @SpringBootConfiguration com.lhind.event_booking_api.EventBookingApiApplication for test class com.lhind.event_booking_api.controller.WaitlistControllerTest
2026-08-21 02:46:38.579 INFO  [main] com.lhind.event_booking_api.controller.WaitlistControllerTest - Starting WaitlistControllerTest using Java 17.0.12 with PID 19368 (started by krist in C:\Users\krist\OneDrive\Desktop\event-booking-api)
2026-08-21 02:46:38.579 DEBUG [main] com.lhind.event_booking_api.controller.WaitlistControllerTest - Running with Spring Boot v4.1.0, Spring v7.0.8
2026-08-21 02:46:38.579 INFO  [main] com.lhind.event_booking_api.controller.WaitlistControllerTest - The following 1 profile is active: "dev"
2026-08-21 02:46:39.069 WARN  [main] org.springframework.boot.security.autoconfigure.UserDetailsServiceAutoConfiguration - 

Using generated security password: 7809d153-cb96-4e41-8a61-ba6ca94ca905

This generated password is for development use only. Your security configuration must be updated before running your application in production.

2026-08-21 02:46:39.069 INFO  [main] org.springframework.boot.test.mock.web.SpringBootMockServletContext - Initializing Spring TestDispatcherServlet ''
2026-08-21 02:46:39.069 INFO  [main] org.springframework.test.web.servlet.TestDispatcherServlet - Initializing Servlet ''
2026-08-21 02:46:39.069 INFO  [main] org.springframework.test.web.servlet.TestDispatcherServlet - Completed initialization in 0 ms
2026-08-21 02:46:39.094 WARN  [main] org.springframework.security.config.annotation.authentication.configuration.InitializeUserDetailsBeanManagerConfigurer$InitializeUserDetailsManagerConfigurer - Found 2 UserDetailsService beans, with names [inMemoryUserDetailsManager, com.lhind.event_booking_api.security.CustomUserDetailsService#0]. Global Authentication Manager will not use a UserDetailsService for username/password login. Consider publishing a single UserDetailsService bean.
2026-08-21 02:46:39.149 INFO  [main] com.lhind.event_booking_api.controller.WaitlistControllerTest - Started WaitlistControllerTest in 0.638 seconds (process running for 15.353)
2026-08-21 02:46:39.296 INFO  [main] org.springframework.test.context.support.AnnotationConfigContextLoaderUtils - Could not detect default configuration classes for test class [com.lhind.event_booking_api.EventBookingApiApplicationTests]: EventBookingApiApplicationTests does not declare any static, non-private, non-final, nested classes annotated with @Configuration.
2026-08-21 02:46:39.312 INFO  [main] org.springframework.boot.test.context.SpringBootTestContextBootstrapper - Found @SpringBootConfiguration com.lhind.event_booking_api.EventBookingApiApplication for test class com.lhind.event_booking_api.EventBookingApiApplicationTests
2026-08-21 02:46:39.315 INFO  [main] org.springframework.test.context.support.AnnotationConfigContextLoaderUtils - Could not detect default configuration classes for test class [com.lhind.event_booking_api.EventBookingApiApplicationTests]: EventBookingApiApplicationTests does not declare any static, non-private, non-final, nested classes annotated with @Configuration.
2026-08-21 02:46:39.315 INFO  [main] org.springframework.boot.test.context.SpringBootTestContextBootstrapper - Found @SpringBootConfiguration com.lhind.event_booking_api.EventBookingApiApplication for test class com.lhind.event_booking_api.EventBookingApiApplicationTests
2026-08-21 02:46:39.401 INFO  [main] com.lhind.event_booking_api.EventBookingApiApplicationTests - Starting EventBookingApiApplicationTests using Java 17.0.12 with PID 19368 (started by krist in C:\Users\krist\OneDrive\Desktop\event-booking-api)
2026-08-21 02:46:39.401 DEBUG [main] com.lhind.event_booking_api.EventBookingApiApplicationTests - Running with Spring Boot v4.1.0, Spring v7.0.8
2026-08-21 02:46:39.401 INFO  [main] com.lhind.event_booking_api.EventBookingApiApplicationTests - The following 1 profile is active: "test"
2026-08-21 02:46:40.203 INFO  [main] org.springframework.data.repository.config.RepositoryConfigurationDelegate - Bootstrapping Spring Data JPA repositories in DEFAULT mode.
2026-08-21 02:46:40.372 INFO  [main] org.springframework.data.repository.config.RepositoryConfigurationDelegate - Finished Spring Data repository scanning in 148 ms. Found 12 JPA repository interfaces.
2026-08-21 02:46:42.031 INFO  [main] org.springframework.orm.jpa.persistenceunit.SpringPersistenceUnitInfo - No LoadTimeWeaver setup: ignoring JPA class transformer
2026-08-21 02:46:45.099 INFO  [main] org.springframework.orm.jpa.LocalContainerEntityManagerFactoryBean - Initialized JPA EntityManagerFactory for persistence unit 'default'
2026-08-21 02:46:45.289 INFO  [main] org.springframework.data.jpa.repository.query.QueryEnhancerFactories - Hibernate is in classpath; If applicable, HQL parser will be used.
2026-08-21 02:46:45.828 INFO  [main] org.springframework.security.config.annotation.authentication.configuration.InitializeUserDetailsBeanManagerConfigurer$InitializeUserDetailsManagerConfigurer - Global AuthenticationManager configured with UserDetailsService bean with name customUserDetailsService
2026-08-21 02:46:46.989 INFO  [main] com.lhind.event_booking_api.EventBookingApiApplicationTests - Started EventBookingApiApplicationTests in 7.668 seconds (process running for 23.192)
2026-08-21 02:46:46.994 WARN  [main] org.springdoc.core.events.SpringDocAppInitializer - SpringDoc /v3/api-docs endpoint is enabled by default. To disable it in production, set the property 'springdoc.api-docs.enabled=false'
2026-08-21 02:46:46.994 WARN  [main] org.springdoc.core.events.SpringDocAppInitializer - SpringDoc /swagger-ui.html endpoint is enabled by default. To disable it in production, set the property 'springdoc.swagger-ui.enabled=false'
2026-08-21 02:46:47.008 INFO  [main] org.springframework.test.context.support.AnnotationConfigContextLoaderUtils - Could not detect default configuration classes for test class [com.lhind.event_booking_api.repository.BookingRepositoryTest]: BookingRepositoryTest does not declare any static, non-private, non-final, nested classes annotated with @Configuration.
2026-08-21 02:46:47.046 INFO  [main] org.springframework.boot.test.context.SpringBootTestContextBootstrapper - Found @SpringBootConfiguration com.lhind.event_booking_api.EventBookingApiApplication for test class com.lhind.event_booking_api.repository.BookingRepositoryTest
2026-08-21 02:46:47.054 INFO  [main] org.springframework.test.context.support.AnnotationConfigContextLoaderUtils - Could not detect default configuration classes for test class [com.lhind.event_booking_api.repository.BookingRepositoryTest]: BookingRepositoryTest does not declare any static, non-private, non-final, nested classes annotated with @Configuration.
2026-08-21 02:46:47.068 INFO  [main] org.springframework.boot.test.context.SpringBootTestContextBootstrapper - Found @SpringBootConfiguration com.lhind.event_booking_api.EventBookingApiApplication for test class com.lhind.event_booking_api.repository.BookingRepositoryTest
2026-08-21 02:46:47.108 INFO  [main] com.lhind.event_booking_api.repository.BookingRepositoryTest - Starting BookingRepositoryTest using Java 17.0.12 with PID 19368 (started by krist in C:\Users\krist\OneDrive\Desktop\event-booking-api)
2026-08-21 02:46:47.108 DEBUG [main] com.lhind.event_booking_api.repository.BookingRepositoryTest - Running with Spring Boot v4.1.0, Spring v7.0.8
2026-08-21 02:46:47.108 INFO  [main] com.lhind.event_booking_api.repository.BookingRepositoryTest - The following 1 profile is active: "test"
2026-08-21 02:46:47.263 INFO  [main] org.springframework.data.repository.config.RepositoryConfigurationDelegate - Bootstrapping Spring Data JPA repositories in DEFAULT mode.
2026-08-21 02:46:47.320 INFO  [main] org.springframework.data.repository.config.RepositoryConfigurationDelegate - Finished Spring Data repository scanning in 52 ms. Found 12 JPA repository interfaces.
2026-08-21 02:46:47.425 INFO  [main] org.springframework.orm.jpa.persistenceunit.SpringPersistenceUnitInfo - No LoadTimeWeaver setup: ignoring JPA class transformer
2026-08-21 02:46:47.726 INFO  [main] org.springframework.orm.jpa.LocalContainerEntityManagerFactoryBean - Initialized JPA EntityManagerFactory for persistence unit 'default'
2026-08-21 02:46:47.892 INFO  [main] com.lhind.event_booking_api.repository.BookingRepositoryTest - Started BookingRepositoryTest in 0.818 seconds (process running for 24.096)
2026-08-21 02:46:49.280 INFO  [main] org.springframework.test.context.support.AnnotationConfigContextLoaderUtils - Could not detect default configuration classes for test class [com.lhind.event_booking_api.repository.CategoryRepositoryTest]: CategoryRepositoryTest does not declare any static, non-private, non-final, nested classes annotated with @Configuration.
2026-08-21 02:46:49.292 INFO  [main] org.springframework.boot.test.context.SpringBootTestContextBootstrapper - Found @SpringBootConfiguration com.lhind.event_booking_api.EventBookingApiApplication for test class com.lhind.event_booking_api.repository.CategoryRepositoryTest
2026-08-21 02:46:49.301 INFO  [main] org.springframework.test.context.support.AnnotationConfigContextLoaderUtils - Could not detect default configuration classes for test class [com.lhind.event_booking_api.repository.CategoryRepositoryTest]: CategoryRepositoryTest does not declare any static, non-private, non-final, nested classes annotated with @Configuration.
2026-08-21 02:46:49.306 INFO  [main] org.springframework.boot.test.context.SpringBootTestContextBootstrapper - Found @SpringBootConfiguration com.lhind.event_booking_api.EventBookingApiApplication for test class com.lhind.event_booking_api.repository.CategoryRepositoryTest
2026-08-21 02:46:49.424 INFO  [main] org.springframework.test.context.support.AnnotationConfigContextLoaderUtils - Could not detect default configuration classes for test class [com.lhind.event_booking_api.repository.EventRepositoryTest]: EventRepositoryTest does not declare any static, non-private, non-final, nested classes annotated with @Configuration.
2026-08-21 02:46:49.445 INFO  [main] org.springframework.boot.test.context.SpringBootTestContextBootstrapper - Found @SpringBootConfiguration com.lhind.event_booking_api.EventBookingApiApplication for test class com.lhind.event_booking_api.repository.EventRepositoryTest
2026-08-21 02:46:49.445 INFO  [main] org.springframework.test.context.support.AnnotationConfigContextLoaderUtils - Could not detect default configuration classes for test class [com.lhind.event_booking_api.repository.EventRepositoryTest]: EventRepositoryTest does not declare any static, non-private, non-final, nested classes annotated with @Configuration.
2026-08-21 02:46:49.457 INFO  [main] org.springframework.boot.test.context.SpringBootTestContextBootstrapper - Found @SpringBootConfiguration com.lhind.event_booking_api.EventBookingApiApplication for test class com.lhind.event_booking_api.repository.EventRepositoryTest
2026-08-21 02:46:49.736 INFO  [main] org.springframework.test.context.support.AnnotationConfigContextLoaderUtils - Could not detect default configuration classes for test class [com.lhind.event_booking_api.repository.EventSeatRepositoryTest]: EventSeatRepositoryTest does not declare any static, non-private, non-final, nested classes annotated with @Configuration.
2026-08-21 02:46:49.754 INFO  [main] org.springframework.boot.test.context.SpringBootTestContextBootstrapper - Found @SpringBootConfiguration com.lhind.event_booking_api.EventBookingApiApplication for test class com.lhind.event_booking_api.repository.EventSeatRepositoryTest
2026-08-21 02:46:49.757 INFO  [main] org.springframework.test.context.support.AnnotationConfigContextLoaderUtils - Could not detect default configuration classes for test class [com.lhind.event_booking_api.repository.EventSeatRepositoryTest]: EventSeatRepositoryTest does not declare any static, non-private, non-final, nested classes annotated with @Configuration.
2026-08-21 02:46:49.767 INFO  [main] org.springframework.boot.test.context.SpringBootTestContextBootstrapper - Found @SpringBootConfiguration com.lhind.event_booking_api.EventBookingApiApplication for test class com.lhind.event_booking_api.repository.EventSeatRepositoryTest
2026-08-21 02:46:49.980 INFO  [main] org.springframework.test.context.support.AnnotationConfigContextLoaderUtils - Could not detect default configuration classes for test class [com.lhind.event_booking_api.repository.NotificationRepositoryTest]: NotificationRepositoryTest does not declare any static, non-private, non-final, nested classes annotated with @Configuration.
2026-08-21 02:46:49.992 INFO  [main] org.springframework.boot.test.context.SpringBootTestContextBootstrapper - Found @SpringBootConfiguration com.lhind.event_booking_api.EventBookingApiApplication for test class com.lhind.event_booking_api.repository.NotificationRepositoryTest
2026-08-21 02:46:49.994 INFO  [main] org.springframework.test.context.support.AnnotationConfigContextLoaderUtils - Could not detect default configuration classes for test class [com.lhind.event_booking_api.repository.NotificationRepositoryTest]: NotificationRepositoryTest does not declare any static, non-private, non-final, nested classes annotated with @Configuration.
2026-08-21 02:46:50.009 INFO  [main] org.springframework.boot.test.context.SpringBootTestContextBootstrapper - Found @SpringBootConfiguration com.lhind.event_booking_api.EventBookingApiApplication for test class com.lhind.event_booking_api.repository.NotificationRepositoryTest
2026-08-21 02:46:50.253 INFO  [main] org.springframework.test.context.support.AnnotationConfigContextLoaderUtils - Could not detect default configuration classes for test class [com.lhind.event_booking_api.repository.PaymentRepositoryTest]: PaymentRepositoryTest does not declare any static, non-private, non-final, nested classes annotated with @Configuration.
2026-08-21 02:46:50.269 INFO  [main] org.springframework.boot.test.context.SpringBootTestContextBootstrapper - Found @SpringBootConfiguration com.lhind.event_booking_api.EventBookingApiApplication for test class com.lhind.event_booking_api.repository.PaymentRepositoryTest
2026-08-21 02:46:50.269 INFO  [main] org.springframework.test.context.support.AnnotationConfigContextLoaderUtils - Could not detect default configuration classes for test class [com.lhind.event_booking_api.repository.PaymentRepositoryTest]: PaymentRepositoryTest does not declare any static, non-private, non-final, nested classes annotated with @Configuration.
2026-08-21 02:46:50.286 INFO  [main] org.springframework.boot.test.context.SpringBootTestContextBootstrapper - Found @SpringBootConfiguration com.lhind.event_booking_api.EventBookingApiApplication for test class com.lhind.event_booking_api.repository.PaymentRepositoryTest
2026-08-21 02:46:50.463 INFO  [main] org.springframework.test.context.support.AnnotationConfigContextLoaderUtils - Could not detect default configuration classes for test class [com.lhind.event_booking_api.repository.ReviewRepositoryTest]: ReviewRepositoryTest does not declare any static, non-private, non-final, nested classes annotated with @Configuration.
2026-08-21 02:46:50.479 INFO  [main] org.springframework.boot.test.context.SpringBootTestContextBootstrapper - Found @SpringBootConfiguration com.lhind.event_booking_api.EventBookingApiApplication for test class com.lhind.event_booking_api.repository.ReviewRepositoryTest
2026-08-21 02:46:50.483 INFO  [main] org.springframework.test.context.support.AnnotationConfigContextLoaderUtils - Could not detect default configuration classes for test class [com.lhind.event_booking_api.repository.ReviewRepositoryTest]: ReviewRepositoryTest does not declare any static, non-private, non-final, nested classes annotated with @Configuration.
2026-08-21 02:46:50.492 INFO  [main] org.springframework.boot.test.context.SpringBootTestContextBootstrapper - Found @SpringBootConfiguration com.lhind.event_booking_api.EventBookingApiApplication for test class com.lhind.event_booking_api.repository.ReviewRepositoryTest
2026-08-21 02:46:50.681 INFO  [main] org.springframework.test.context.support.AnnotationConfigContextLoaderUtils - Could not detect default configuration classes for test class [com.lhind.event_booking_api.repository.SeatRepositoryTest]: SeatRepositoryTest does not declare any static, non-private, non-final, nested classes annotated with @Configuration.
2026-08-21 02:46:50.697 INFO  [main] org.springframework.boot.test.context.SpringBootTestContextBootstrapper - Found @SpringBootConfiguration com.lhind.event_booking_api.EventBookingApiApplication for test class com.lhind.event_booking_api.repository.SeatRepositoryTest
2026-08-21 02:46:50.699 INFO  [main] org.springframework.test.context.support.AnnotationConfigContextLoaderUtils - Could not detect default configuration classes for test class [com.lhind.event_booking_api.repository.SeatRepositoryTest]: SeatRepositoryTest does not declare any static, non-private, non-final, nested classes annotated with @Configuration.
2026-08-21 02:46:50.710 INFO  [main] org.springframework.boot.test.context.SpringBootTestContextBootstrapper - Found @SpringBootConfiguration com.lhind.event_booking_api.EventBookingApiApplication for test class com.lhind.event_booking_api.repository.SeatRepositoryTest
2026-08-21 02:46:50.870 INFO  [main] org.springframework.test.context.support.AnnotationConfigContextLoaderUtils - Could not detect default configuration classes for test class [com.lhind.event_booking_api.repository.UserRepositoryTest]: UserRepositoryTest does not declare any static, non-private, non-final, nested classes annotated with @Configuration.
2026-08-21 02:46:50.885 INFO  [main] org.springframework.boot.test.context.SpringBootTestContextBootstrapper - Found @SpringBootConfiguration com.lhind.event_booking_api.EventBookingApiApplication for test class com.lhind.event_booking_api.repository.UserRepositoryTest
2026-08-21 02:46:50.885 INFO  [main] org.springframework.test.context.support.AnnotationConfigContextLoaderUtils - Could not detect default configuration classes for test class [com.lhind.event_booking_api.repository.UserRepositoryTest]: UserRepositoryTest does not declare any static, non-private, non-final, nested classes annotated with @Configuration.
2026-08-21 02:46:50.901 INFO  [main] org.springframework.boot.test.context.SpringBootTestContextBootstrapper - Found @SpringBootConfiguration com.lhind.event_booking_api.EventBookingApiApplication for test class com.lhind.event_booking_api.repository.UserRepositoryTest
2026-08-21 02:46:51.012 INFO  [main] org.springframework.test.context.support.AnnotationConfigContextLoaderUtils - Could not detect default configuration classes for test class [com.lhind.event_booking_api.repository.VenueRepositoryTest]: VenueRepositoryTest does not declare any static, non-private, non-final, nested classes annotated with @Configuration.
2026-08-21 02:46:51.029 INFO  [main] org.springframework.boot.test.context.SpringBootTestContextBootstrapper - Found @SpringBootConfiguration com.lhind.event_booking_api.EventBookingApiApplication for test class com.lhind.event_booking_api.repository.VenueRepositoryTest
2026-08-21 02:46:51.029 INFO  [main] org.springframework.test.context.support.AnnotationConfigContextLoaderUtils - Could not detect default configuration classes for test class [com.lhind.event_booking_api.repository.VenueRepositoryTest]: VenueRepositoryTest does not declare any static, non-private, non-final, nested classes annotated with @Configuration.
2026-08-21 02:46:51.043 INFO  [main] org.springframework.boot.test.context.SpringBootTestContextBootstrapper - Found @SpringBootConfiguration com.lhind.event_booking_api.EventBookingApiApplication for test class com.lhind.event_booking_api.repository.VenueRepositoryTest
2026-08-21 02:46:51.112 INFO  [main] org.springframework.test.context.support.AnnotationConfigContextLoaderUtils - Could not detect default configuration classes for test class [com.lhind.event_booking_api.repository.WaitlistRepositoryTest]: WaitlistRepositoryTest does not declare any static, non-private, non-final, nested classes annotated with @Configuration.
2026-08-21 02:46:51.132 INFO  [main] org.springframework.boot.test.context.SpringBootTestContextBootstrapper - Found @SpringBootConfiguration com.lhind.event_booking_api.EventBookingApiApplication for test class com.lhind.event_booking_api.repository.WaitlistRepositoryTest
2026-08-21 02:46:51.134 INFO  [main] org.springframework.test.context.support.AnnotationConfigContextLoaderUtils - Could not detect default configuration classes for test class [com.lhind.event_booking_api.repository.WaitlistRepositoryTest]: WaitlistRepositoryTest does not declare any static, non-private, non-final, nested classes annotated with @Configuration.
2026-08-21 02:46:51.140 INFO  [main] org.springframework.boot.test.context.SpringBootTestContextBootstrapper - Found @SpringBootConfiguration com.lhind.event_booking_api.EventBookingApiApplication for test class com.lhind.event_booking_api.repository.WaitlistRepositoryTest
2026-08-21 02:46:51.347 INFO  [main] org.springframework.test.context.support.AnnotationConfigContextLoaderUtils - Could not detect default configuration classes for test class [com.lhind.event_booking_api.security.SecurityConfigTest]: SecurityConfigTest does not declare any static, non-private, non-final, nested classes annotated with @Configuration.
2026-08-21 02:46:51.366 INFO  [main] org.springframework.boot.test.context.SpringBootTestContextBootstrapper - Found @SpringBootConfiguration com.lhind.event_booking_api.EventBookingApiApplication for test class com.lhind.event_booking_api.security.SecurityConfigTest
2026-08-21 02:46:51.366 INFO  [main] org.springframework.test.context.support.AnnotationConfigContextLoaderUtils - Could not detect default configuration classes for test class [com.lhind.event_booking_api.security.SecurityConfigTest]: SecurityConfigTest does not declare any static, non-private, non-final, nested classes annotated with @Configuration.
2026-08-21 02:46:51.371 INFO  [main] org.springframework.boot.test.context.SpringBootTestContextBootstrapper - Found @SpringBootConfiguration com.lhind.event_booking_api.EventBookingApiApplication for test class com.lhind.event_booking_api.security.SecurityConfigTest
2026-08-21 02:46:51.420 INFO  [main] com.lhind.event_booking_api.security.SecurityConfigTest - Starting SecurityConfigTest using Java 17.0.12 with PID 19368 (started by krist in C:\Users\krist\OneDrive\Desktop\event-booking-api)
2026-08-21 02:46:51.420 DEBUG [main] com.lhind.event_booking_api.security.SecurityConfigTest - Running with Spring Boot v4.1.0, Spring v7.0.8
2026-08-21 02:46:51.422 INFO  [main] com.lhind.event_booking_api.security.SecurityConfigTest - The following 1 profile is active: "test"
2026-08-21 02:46:51.683 INFO  [main] org.springframework.data.repository.config.RepositoryConfigurationDelegate - Bootstrapping Spring Data JPA repositories in DEFAULT mode.
2026-08-21 02:46:51.715 INFO  [main] org.springframework.data.repository.config.RepositoryConfigurationDelegate - Finished Spring Data repository scanning in 31 ms. Found 12 JPA repository interfaces.
2026-08-21 02:46:51.839 INFO  [main] org.springframework.orm.jpa.persistenceunit.SpringPersistenceUnitInfo - No LoadTimeWeaver setup: ignoring JPA class transformer
2026-08-21 02:46:52.123 INFO  [main] org.springframework.orm.jpa.LocalContainerEntityManagerFactoryBean - Initialized JPA EntityManagerFactory for persistence unit 'default'
2026-08-21 02:46:52.207 INFO  [main] org.springframework.security.config.annotation.authentication.configuration.InitializeUserDetailsBeanManagerConfigurer$InitializeUserDetailsManagerConfigurer - Global AuthenticationManager configured with UserDetailsService bean with name customUserDetailsService
2026-08-21 02:46:52.576 DEBUG [main] com.lhind.event_booking_api.security.JwtAuthenticationFilter - Filter 'jwtAuthenticationFilter' configured for use
2026-08-21 02:46:52.576 INFO  [main] org.springframework.boot.test.mock.web.SpringBootMockServletContext - Initializing Spring TestDispatcherServlet ''
2026-08-21 02:46:52.576 INFO  [main] org.springframework.test.web.servlet.TestDispatcherServlet - Initializing Servlet ''
2026-08-21 02:46:52.576 INFO  [main] org.springframework.test.web.servlet.TestDispatcherServlet - Completed initialization in 0 ms
2026-08-21 02:46:52.619 INFO  [main] com.lhind.event_booking_api.security.SecurityConfigTest - Started SecurityConfigTest in 1.245 seconds (process running for 28.821)
2026-08-21 02:46:52.619 WARN  [main] org.springdoc.core.events.SpringDocAppInitializer - SpringDoc /v3/api-docs endpoint is enabled by default. To disable it in production, set the property 'springdoc.api-docs.enabled=false'
2026-08-21 02:46:52.619 WARN  [main] org.springdoc.core.events.SpringDocAppInitializer - SpringDoc /swagger-ui.html endpoint is enabled by default. To disable it in production, set the property 'springdoc.swagger-ui.enabled=false'
2026-08-21 02:46:52.883 WARN  [main] org.hibernate.validator.internal.metadata.aggregated.CascadingMetaDataBuilder - HV000271: Using `@Valid` on a container (java.util.List) is deprecated. You should apply the annotation on the type argument(s). Affected element: categories
2026-08-21 02:46:52.965 WARN  [main] org.hibernate.validator.internal.metadata.aggregated.CascadingMetaDataBuilder - HV000271: Using `@Valid` on a container (java.util.List) is deprecated. You should apply the annotation on the type argument(s). Affected element: seats
2026-08-21 02:46:53.514 INFO  [main] com.lhind.event_booking_api.service.AuthServiceImpl - Login requested for email: user@test.com
2026-08-21 02:46:53.514 WARN  [main] com.lhind.event_booking_api.service.AuthServiceImpl - Authenticated user not found with email: user@test.com
2026-08-21 02:46:53.530 INFO  [main] com.lhind.event_booking_api.service.AuthServiceImpl - Login requested for email: user@test.com
2026-08-21 02:46:53.530 INFO  [main] com.lhind.event_booking_api.service.AuthServiceImpl - Login successful for user id: 1
2026-08-21 02:46:53.539 INFO  [main] com.lhind.event_booking_api.service.AuthServiceImpl - Registration requested for email: user@test.com
2026-08-21 02:46:53.539 WARN  [main] com.lhind.event_booking_api.service.AuthServiceImpl - Registration rejected because email already exists: user@test.com
2026-08-21 02:46:53.548 INFO  [main] com.lhind.event_booking_api.service.AuthServiceImpl - Registration requested for email: user@test.com
2026-08-21 02:46:53.550 INFO  [main] com.lhind.event_booking_api.service.AuthServiceImpl - User registered successfully with id: 1
2026-08-21 02:46:54.072 INFO  [main] com.lhind.event_booking_api.service.BookingServiceImpl - Confirm requested for booking id: 1 by user id: 2
2026-08-21 02:46:54.072 DEBUG [main] com.lhind.event_booking_api.service.BookingServiceImpl - Event booking management authorization successful. Event id: 1, user id: 2, admin: false
2026-08-21 02:46:54.079 INFO  [main] com.lhind.event_booking_api.service.BookingServiceImpl - Booking confirmed successfully with id: 1
2026-08-21 02:46:54.084 INFO  [main] com.lhind.event_booking_api.service.BookingServiceImpl - Cancellation requested for booking id: 1 by user id: 99
2026-08-21 02:46:54.084 WARN  [main] com.lhind.event_booking_api.service.BookingServiceImpl - Unauthorized booking access attempt. Booking id: 1, user id: 99
2026-08-21 02:46:54.090 INFO  [main] com.lhind.event_booking_api.service.BookingServiceImpl - Creating booking for user id: 1 and event id: 1
2026-08-21 02:46:54.118 INFO  [main] com.lhind.event_booking_api.service.BookingServiceImpl - Complete requested for booking id: 1 by user id: 2
2026-08-21 02:46:54.118 DEBUG [main] com.lhind.event_booking_api.service.BookingServiceImpl - Event booking management authorization successful. Event id: 1, user id: 2, admin: false
2026-08-21 02:46:54.118 INFO  [main] com.lhind.event_booking_api.service.BookingServiceImpl - Booking completed successfully with id: 1
2026-08-21 02:46:54.118 DEBUG [main] com.lhind.event_booking_api.service.BookingServiceImpl - Fetching bookings for user id: 1
2026-08-21 02:46:54.118 INFO  [main] com.lhind.event_booking_api.service.BookingServiceImpl - Creating booking for user id: 1 and event id: 1
2026-08-21 02:46:54.147 INFO  [main] com.lhind.event_booking_api.service.BookingServiceImpl - Confirm requested for booking id: 1 by user id: 99
2026-08-21 02:46:54.147 WARN  [main] com.lhind.event_booking_api.service.BookingServiceImpl - Unauthorized booking management attempt. Event id: 1, user id: 99
2026-08-21 02:46:54.150 DEBUG [main] com.lhind.event_booking_api.service.BookingServiceImpl - Fetching bookings for event id: 1 by user id: 2
2026-08-21 02:46:54.150 DEBUG [main] com.lhind.event_booking_api.service.BookingServiceImpl - Event booking management authorization successful. Event id: 1, user id: 2, admin: false
2026-08-21 02:46:54.159 DEBUG [main] com.lhind.event_booking_api.service.BookingServiceImpl - Fetching booking by id: 1
2026-08-21 02:46:54.159 WARN  [main] com.lhind.event_booking_api.service.BookingServiceImpl - Unauthorized booking access attempt. Booking id: 1, user id: 99
2026-08-21 02:46:54.159 INFO  [main] com.lhind.event_booking_api.service.BookingServiceImpl - Cancellation requested for booking id: 1 by user id: 1
2026-08-21 02:46:54.159 DEBUG [main] com.lhind.event_booking_api.service.BookingServiceImpl - Booking ownership validation successful. Booking id: 1, user id: 1, admin: false
2026-08-21 02:46:54.165 WARN  [main] com.lhind.event_booking_api.service.BookingServiceImpl - Booking id: 1 is already cancelled
2026-08-21 02:46:54.168 INFO  [main] com.lhind.event_booking_api.service.BookingServiceImpl - Creating booking for user id: 1 and event id: 1
2026-08-21 02:46:54.168 INFO  [main] com.lhind.event_booking_api.service.BookingServiceImpl - Cancellation requested for booking id: 1 by user id: 1
2026-08-21 02:46:54.168 DEBUG [main] com.lhind.event_booking_api.service.BookingServiceImpl - Booking ownership validation successful. Booking id: 1, user id: 1, admin: false
2026-08-21 02:46:54.168 WARN  [main] com.lhind.event_booking_api.service.BookingServiceImpl - Completed booking id: 1 cannot be cancelled
2026-08-21 02:46:54.183 DEBUG [main] com.lhind.event_booking_api.service.BookingServiceImpl - Fetching bookings for user id: 1 with status: PENDING
2026-08-21 02:46:54.185 INFO  [main] com.lhind.event_booking_api.service.BookingServiceImpl - Confirm requested for booking id: 1 by user id: 2
2026-08-21 02:46:54.185 DEBUG [main] com.lhind.event_booking_api.service.BookingServiceImpl - Event booking management authorization successful. Event id: 1, user id: 2, admin: false
2026-08-21 02:46:54.185 WARN  [main] com.lhind.event_booking_api.service.BookingServiceImpl - Booking id: 1 cannot be confirmed because current status is: CONFIRMED
2026-08-21 02:46:54.190 INFO  [main] com.lhind.event_booking_api.service.BookingServiceImpl - Complete requested for booking id: 1 by user id: 2
2026-08-21 02:46:54.190 DEBUG [main] com.lhind.event_booking_api.service.BookingServiceImpl - Event booking management authorization successful. Event id: 1, user id: 2, admin: false
2026-08-21 02:46:54.190 WARN  [main] com.lhind.event_booking_api.service.BookingServiceImpl - Booking id: 1 cannot be completed because current status is: PENDING
2026-08-21 02:46:54.210 INFO  [main] com.lhind.event_booking_api.service.BookingServiceImpl - Cancellation requested for booking id: 1 by user id: 1
2026-08-21 02:46:54.210 DEBUG [main] com.lhind.event_booking_api.service.BookingServiceImpl - Booking ownership validation successful. Booking id: 1, user id: 1, admin: false
2026-08-21 02:46:54.213 INFO  [main] com.lhind.event_booking_api.service.BookingServiceImpl - Creating booking for user id: 1 and event id: 1
2026-08-21 02:46:54.213 INFO  [main] com.lhind.event_booking_api.service.BookingServiceImpl - Creating booking for user id: 1 and event id: 1
2026-08-21 02:46:54.228 INFO  [main] com.lhind.event_booking_api.service.BookingServiceImpl - Confirm requested for booking id: 1 by user id: 2
2026-08-21 02:46:54.228 DEBUG [main] com.lhind.event_booking_api.service.BookingServiceImpl - Event booking management authorization successful. Event id: 1, user id: 2, admin: false
2026-08-21 02:46:54.228 WARN  [main] com.lhind.event_booking_api.service.BookingServiceImpl - Booking id: 1 contains event seat id: 1 with invalid status: AVAILABLE
2026-08-21 02:46:54.228 INFO  [main] com.lhind.event_booking_api.service.BookingServiceImpl - Complete requested for booking id: 1 by user id: 99
2026-08-21 02:46:54.228 WARN  [main] com.lhind.event_booking_api.service.BookingServiceImpl - Unauthorized booking management attempt. Event id: 1, user id: 99
2026-08-21 02:46:54.228 INFO  [main] com.lhind.event_booking_api.service.BookingServiceImpl - Creating booking for user id: 1 and event id: 1
2026-08-21 02:46:54.244 DEBUG [main] com.lhind.event_booking_api.service.BookingServiceImpl - Fetching bookings for event id: 1 by user id: 99
2026-08-21 02:46:54.244 WARN  [main] com.lhind.event_booking_api.service.BookingServiceImpl - Unauthorized booking management attempt. Event id: 1, user id: 99
2026-08-21 02:46:54.248 DEBUG [main] com.lhind.event_booking_api.service.BookingServiceImpl - Fetching booking by id: 1
2026-08-21 02:46:54.248 DEBUG [main] com.lhind.event_booking_api.service.BookingServiceImpl - Booking ownership validation successful. Booking id: 1, user id: 1, admin: false
2026-08-21 02:46:54.253 INFO  [main] com.lhind.event_booking_api.service.BookingServiceImpl - Cancellation requested for booking id: 1 by user id: 1
2026-08-21 02:46:54.253 DEBUG [main] com.lhind.event_booking_api.service.BookingServiceImpl - Booking ownership validation successful. Booking id: 1, user id: 1, admin: false
2026-08-21 02:46:54.253 INFO  [main] com.lhind.event_booking_api.service.BookingServiceImpl - Booking cancelled successfully with id: 1
2026-08-21 02:46:54.391 DEBUG [main] com.lhind.event_booking_api.service.CategoryServiceImpl - Fetching category by id: 99
2026-08-21 02:46:54.391 WARN  [main] com.lhind.event_booking_api.service.CategoryServiceImpl - Category not found with id: 99
2026-08-21 02:46:54.394 INFO  [main] com.lhind.event_booking_api.service.CategoryServiceImpl - Creating category with name: Music
2026-08-21 02:46:54.394 INFO  [main] com.lhind.event_booking_api.service.CategoryServiceImpl - Category created successfully with id: 1 and name: Music
2026-08-21 02:46:54.399 INFO  [main] com.lhind.event_booking_api.service.CategoryServiceImpl - Update requested for category id: 99
2026-08-21 02:46:54.399 WARN  [main] com.lhind.event_booking_api.service.CategoryServiceImpl - Category not found with id: 99
2026-08-21 02:46:54.405 DEBUG [main] com.lhind.event_booking_api.service.CategoryServiceImpl - Fetching category by id: 1
2026-08-21 02:46:54.407 INFO  [main] com.lhind.event_booking_api.service.CategoryServiceImpl - Update requested for category id: 1
2026-08-21 02:46:54.407 INFO  [main] com.lhind.event_booking_api.service.CategoryServiceImpl - Category updated successfully with id: 1
2026-08-21 02:46:54.413 INFO  [main] com.lhind.event_booking_api.service.CategoryServiceImpl - Update requested for category id: 1
2026-08-21 02:46:54.413 WARN  [main] com.lhind.event_booking_api.service.CategoryServiceImpl - Category update rejected. Category name already exists: Sport
2026-08-21 02:46:54.416 INFO  [main] com.lhind.event_booking_api.service.CategoryServiceImpl - Delete requested for category id: 99
2026-08-21 02:46:54.416 WARN  [main] com.lhind.event_booking_api.service.CategoryServiceImpl - Category not found with id: 99
2026-08-21 02:46:54.419 DEBUG [main] com.lhind.event_booking_api.service.CategoryServiceImpl - Fetching all categories
2026-08-21 02:46:54.427 INFO  [main] com.lhind.event_booking_api.service.CategoryServiceImpl - Delete requested for category id: 1
2026-08-21 02:46:54.427 INFO  [main] com.lhind.event_booking_api.service.CategoryServiceImpl - Category deleted successfully with id: 1
2026-08-21 02:46:54.427 INFO  [main] com.lhind.event_booking_api.service.CategoryServiceImpl - Creating category with name: Music
2026-08-21 02:46:54.427 WARN  [main] com.lhind.event_booking_api.service.CategoryServiceImpl - Category creation rejected because category already exists with name: Music
2026-08-21 02:46:54.498 DEBUG [main] com.lhind.event_booking_api.service.EventSeatServiceImpl - Fetching event seat by id: 1
2026-08-21 02:46:54.498 INFO  [main] com.lhind.event_booking_api.service.EventSeatServiceImpl - Price update requested for event seat id: 1 by user id: 99
2026-08-21 02:46:54.513 WARN  [main] com.lhind.event_booking_api.service.EventSeatServiceImpl - Unauthorized event seat modification attempt. Event id: 1, user id: 99
2026-08-21 02:46:54.520 INFO  [main] com.lhind.event_booking_api.service.EventSeatServiceImpl - Price update requested for event seat id: 1 by user id: 1
2026-08-21 02:46:54.520 DEBUG [main] com.lhind.event_booking_api.service.EventSeatServiceImpl - Event seat ownership validation successful. Event id: 1, user id: 1, admin: false
2026-08-21 02:46:54.522 INFO  [main] com.lhind.event_booking_api.service.EventSeatServiceImpl - Event seat price updated successfully. Event seat id: 1, new price: 35.00
2026-08-21 02:46:54.528 INFO  [main] com.lhind.event_booking_api.service.EventSeatServiceImpl - Delete requested for event seat id: 1 by user id: 1
2026-08-21 02:46:54.528 DEBUG [main] com.lhind.event_booking_api.service.EventSeatServiceImpl - Event seat ownership validation successful. Event id: 1, user id: 1, admin: false
2026-08-21 02:46:54.528 INFO  [main] com.lhind.event_booking_api.service.EventSeatServiceImpl - Event seat deleted successfully with id: 1
2026-08-21 02:46:54.534 INFO  [main] com.lhind.event_booking_api.service.EventSeatServiceImpl - Creating event seat for event id: 1 by user id: 99
2026-08-21 02:46:54.534 WARN  [main] com.lhind.event_booking_api.service.EventSeatServiceImpl - Unauthorized event seat modification attempt. Event id: 1, user id: 99
2026-08-21 02:46:54.543 DEBUG [main] com.lhind.event_booking_api.service.EventSeatServiceImpl - Fetching seats for event id: 1
2026-08-21 02:46:54.550 INFO  [main] com.lhind.event_booking_api.service.EventSeatServiceImpl - Creating event seat for event id: 1 by user id: 1
2026-08-21 02:46:54.550 DEBUG [main] com.lhind.event_booking_api.service.EventSeatServiceImpl - Event seat ownership validation successful. Event id: 1, user id: 1, admin: false
2026-08-21 02:46:54.552 WARN  [main] com.lhind.event_booking_api.service.EventSeatServiceImpl - Seat not found in venue id: 1. Seat: A-1
2026-08-21 02:46:54.554 INFO  [main] com.lhind.event_booking_api.service.EventSeatServiceImpl - Creating event seat for event id: 1 by user id: 1
2026-08-21 02:46:54.554 DEBUG [main] com.lhind.event_booking_api.service.EventSeatServiceImpl - Event seat ownership validation successful. Event id: 1, user id: 1, admin: false
2026-08-21 02:46:54.554 INFO  [main] com.lhind.event_booking_api.service.EventSeatServiceImpl - Event seat created successfully with id: null for event id: 1
2026-08-21 02:46:54.564 INFO  [main] com.lhind.event_booking_api.service.EventSeatServiceImpl - Creating event seat for event id: 1 by user id: 1
2026-08-21 02:46:54.564 DEBUG [main] com.lhind.event_booking_api.service.EventSeatServiceImpl - Event seat ownership validation successful. Event id: 1, user id: 1, admin: false
2026-08-21 02:46:54.566 WARN  [main] com.lhind.event_booking_api.service.EventSeatServiceImpl - Duplicate event seat assignment. Event id: 1, seat id: 1
2026-08-21 02:46:54.568 DEBUG [main] com.lhind.event_booking_api.service.EventSeatServiceImpl - Fetching seats for event id: 1 with status: AVAILABLE
2026-08-21 02:46:54.568 INFO  [main] com.lhind.event_booking_api.service.EventSeatServiceImpl - Delete requested for event seat id: 1 by user id: 1
2026-08-21 02:46:54.568 DEBUG [main] com.lhind.event_booking_api.service.EventSeatServiceImpl - Event seat ownership validation successful. Event id: 1, user id: 1, admin: false
2026-08-21 02:46:54.568 WARN  [main] com.lhind.event_booking_api.service.EventSeatServiceImpl - Event seat id: 1 cannot be deleted because current status is: RESERVED
2026-08-21 02:46:54.582 INFO  [main] com.lhind.event_booking_api.service.EventSeatServiceImpl - Price update requested for event seat id: 1 by user id: 1
2026-08-21 02:46:54.582 DEBUG [main] com.lhind.event_booking_api.service.EventSeatServiceImpl - Event seat ownership validation successful. Event id: 1, user id: 1, admin: false
2026-08-21 02:46:54.582 WARN  [main] com.lhind.event_booking_api.service.EventSeatServiceImpl - Invalid price update for event seat id: 1. Requested price: 0
2026-08-21 02:46:54.586 INFO  [main] com.lhind.event_booking_api.service.EventSeatServiceImpl - Delete requested for event seat id: 1 by user id: 50
2026-08-21 02:46:54.586 DEBUG [main] com.lhind.event_booking_api.service.EventSeatServiceImpl - Event seat ownership validation successful. Event id: 1, user id: 50, admin: true
2026-08-21 02:46:54.586 INFO  [main] com.lhind.event_booking_api.service.EventSeatServiceImpl - Event seat deleted successfully with id: 1
2026-08-21 02:46:54.590 DEBUG [main] com.lhind.event_booking_api.service.EventSeatServiceImpl - Fetching event seat by id: 99
2026-08-21 02:46:54.590 WARN  [main] com.lhind.event_booking_api.service.EventSeatServiceImpl - Event seat not found with id: 99
2026-08-21 02:46:54.739 DEBUG [main] com.lhind.event_booking_api.service.EventServiceImpl - Fetching events by status: PUBLISHED
2026-08-21 02:46:54.741 DEBUG [main] com.lhind.event_booking_api.service.EventServiceImpl - Fetching event by id: 1
2026-08-21 02:46:54.747 INFO  [main] com.lhind.event_booking_api.service.EventServiceImpl - Update requested for event id: 1 by user id: 1
2026-08-21 02:46:54.747 DEBUG [main] com.lhind.event_booking_api.service.EventServiceImpl - Event ownership validation successful. Event id: 1, user id: 1, admin: false
2026-08-21 02:46:54.750 DEBUG [main] com.lhind.event_booking_api.service.EventServiceImpl - Validating event status transition for event id: 1 from PUBLISHED to PUBLISHED
2026-08-21 02:46:54.750 INFO  [main] com.lhind.event_booking_api.service.EventServiceImpl - Event updated successfully with id: 1
2026-08-21 02:46:54.755 INFO  [main] com.lhind.event_booking_api.service.EventServiceImpl - Delete requested for event id: 1 by user id: 1
2026-08-21 02:46:54.755 DEBUG [main] com.lhind.event_booking_api.service.EventServiceImpl - Event ownership validation successful. Event id: 1, user id: 1, admin: false
2026-08-21 02:46:54.755 WARN  [main] com.lhind.event_booking_api.service.EventServiceImpl - Event deletion rejected. Event id: 1, status: PUBLISHED
2026-08-21 02:46:54.760 INFO  [main] com.lhind.event_booking_api.service.EventServiceImpl - Update requested for event id: 1 by user id: 99
2026-08-21 02:46:54.760 WARN  [main] com.lhind.event_booking_api.service.EventServiceImpl - Unauthorized event modification attempt. Event id: 1, user id: 99
2026-08-21 02:46:54.766 INFO  [main] com.lhind.event_booking_api.service.EventServiceImpl - Creating event 'Music Event' by organizer id: 1
2026-08-21 02:46:54.766 WARN  [main] com.lhind.event_booking_api.service.EventServiceImpl - Event capacity validation failed. Requested seats: 150, venue capacity: 100, venue id: 1
2026-08-21 02:46:54.777 INFO  [main] com.lhind.event_booking_api.service.EventServiceImpl - Creating event 'Music Event' by organizer id: 1
2026-08-21 02:46:54.779 WARN  [main] com.lhind.event_booking_api.service.EventServiceImpl - Invalid event dates. Start: 2026-08-26T02:46:54.771667800, End: 2026-08-26T01:46:54.771667800
2026-08-21 02:46:54.785 INFO  [main] com.lhind.event_booking_api.service.EventServiceImpl - Update requested for event id: 1 by user id: 1
2026-08-21 02:46:54.785 DEBUG [main] com.lhind.event_booking_api.service.EventServiceImpl - Event ownership validation successful. Event id: 1, user id: 1, admin: false
2026-08-21 02:46:54.785 DEBUG [main] com.lhind.event_booking_api.service.EventServiceImpl - Validating event status transition for event id: 1 from DRAFT to PUBLISHED
2026-08-21 02:46:54.785 INFO  [main] com.lhind.event_booking_api.service.EventServiceImpl - Event updated successfully with id: 1
2026-08-21 02:46:54.790 INFO  [main] com.lhind.event_booking_api.service.EventServiceImpl - Delete requested for event id: 1 by user id: 99
2026-08-21 02:46:54.790 WARN  [main] com.lhind.event_booking_api.service.EventServiceImpl - Unauthorized event modification attempt. Event id: 1, user id: 99
2026-08-21 02:46:54.794 INFO  [main] com.lhind.event_booking_api.service.EventServiceImpl - Update requested for event id: 1 by user id: 1
2026-08-21 02:46:54.794 DEBUG [main] com.lhind.event_booking_api.service.EventServiceImpl - Event ownership validation successful. Event id: 1, user id: 1, admin: false
2026-08-21 02:46:54.794 DEBUG [main] com.lhind.event_booking_api.service.EventServiceImpl - Validating event status transition for event id: 1 from COMPLETED to PUBLISHED
2026-08-21 02:46:54.794 WARN  [main] com.lhind.event_booking_api.service.EventServiceImpl - Invalid status transition for completed event id: 1
2026-08-21 02:46:54.794 DEBUG [main] com.lhind.event_booking_api.service.EventServiceImpl - Fetching events by category id: 1
2026-08-21 02:46:54.805 INFO  [main] com.lhind.event_booking_api.service.EventServiceImpl - Creating event 'Music Event' by organizer id: 1
2026-08-21 02:46:54.805 INFO  [main] com.lhind.event_booking_api.service.EventServiceImpl - Event created successfully with id: 1
2026-08-21 02:46:54.805 DEBUG [main] com.lhind.event_booking_api.service.EventServiceImpl - Fetching all events
2026-08-21 02:46:54.813 DEBUG [main] com.lhind.event_booking_api.service.EventServiceImpl - Fetching events for organizer id: 1
2026-08-21 02:46:54.813 DEBUG [main] com.lhind.event_booking_api.service.EventServiceImpl - Fetching event by id: 99
2026-08-21 02:46:54.817 WARN  [main] com.lhind.event_booking_api.service.EventServiceImpl - Event not found with id: 99
2026-08-21 02:46:54.821 DEBUG [main] com.lhind.event_booking_api.service.EventServiceImpl - Fetching events by venue id: 1
2026-08-21 02:46:54.970 INFO  [main] com.lhind.event_booking_api.service.NotificationServiceImpl - Creating notification of type: BOOKING_CONFIRMED for user id: 1
2026-08-21 02:46:54.970 INFO  [main] com.lhind.event_booking_api.service.NotificationServiceImpl - Notification created successfully with id: null for user id: 1
2026-08-21 02:46:55.187 INFO  [main] com.lhind.event_booking_api.service.PaymentServiceImpl - Payment creation requested for booking id: 1
2026-08-21 02:46:55.189 WARN  [main] com.lhind.event_booking_api.service.PaymentServiceImpl - Payment creation rejected because booking id: 1 is cancelled
2026-08-21 02:46:55.192 INFO  [main] com.lhind.event_booking_api.service.PaymentServiceImpl - Payment creation requested for booking id: 1
2026-08-21 02:46:55.193 WARN  [main] com.lhind.event_booking_api.service.PaymentServiceImpl - Payment creation rejected because payment already exists for booking id: 1
2026-08-21 02:46:55.199 INFO  [main] com.lhind.event_booking_api.service.PaymentServiceImpl - Payment completion requested for payment id: 1 by user id: 1
2026-08-21 02:46:55.199 INFO  [main] com.lhind.event_booking_api.service.PaymentServiceImpl - Payment completed successfully with id: 1
2026-08-21 02:46:55.207 INFO  [main] com.lhind.event_booking_api.service.PaymentServiceImpl - Payment refund requested for payment id: 1 by user id: 1
2026-08-21 02:46:55.207 WARN  [main] com.lhind.event_booking_api.service.PaymentServiceImpl - Payment id: 1 cannot be refunded because current status is: PENDING
2026-08-21 02:46:55.207 INFO  [main] com.lhind.event_booking_api.service.PaymentServiceImpl - Payment refund requested for payment id: 1 by user id: 1
2026-08-21 02:46:55.207 INFO  [main] com.lhind.event_booking_api.service.PaymentServiceImpl - Payment refunded successfully with id: 1
2026-08-21 02:46:55.214 INFO  [main] com.lhind.event_booking_api.service.PaymentServiceImpl - Payment creation requested for booking id: 1
2026-08-21 02:46:55.214 WARN  [main] com.lhind.event_booking_api.service.PaymentServiceImpl - Unauthorized payment creation attempt. Booking id: 1, user id: 2
2026-08-21 02:46:55.214 INFO  [main] com.lhind.event_booking_api.service.PaymentServiceImpl - Payment completion requested for payment id: 1 by user id: 1
2026-08-21 02:46:55.214 WARN  [main] com.lhind.event_booking_api.service.PaymentServiceImpl - Payment id: 1 is already completed
2026-08-21 02:46:55.223 INFO  [main] com.lhind.event_booking_api.service.PaymentServiceImpl - Payment creation requested for booking id: 1
2026-08-21 02:46:55.223 INFO  [main] com.lhind.event_booking_api.service.PaymentServiceImpl - Payment created successfully with id: 1 for booking id: 1
2026-08-21 02:46:55.402 INFO  [main] com.lhind.event_booking_api.service.ReviewServiceImpl - Delete requested for review id: 1 by user id: 1
2026-08-21 02:46:55.402 DEBUG [main] com.lhind.event_booking_api.service.ReviewServiceImpl - Review ownership validation successful. Review id: 1, user id: 1, admin: false
2026-08-21 02:46:55.402 INFO  [main] com.lhind.event_booking_api.service.ReviewServiceImpl - Review deleted successfully with id: 1
2026-08-21 02:46:55.414 INFO  [main] com.lhind.event_booking_api.service.ReviewServiceImpl - Creating review for user id: 1 and event id: 1
2026-08-21 02:46:55.414 WARN  [main] com.lhind.event_booking_api.service.ReviewServiceImpl - Review creation rejected. Event id: 1 has not ended yet
2026-08-21 02:46:55.418 INFO  [main] com.lhind.event_booking_api.service.ReviewServiceImpl - Creating review for user id: 1 and event id: 1
2026-08-21 02:46:55.418 WARN  [main] com.lhind.event_booking_api.service.ReviewServiceImpl - Review creation rejected. User id: 1 has no completed booking for event id: 1
2026-08-21 02:46:55.424 INFO  [main] com.lhind.event_booking_api.service.ReviewServiceImpl - Creating review for user id: 1 and event id: 1
2026-08-21 02:46:55.424 INFO  [main] com.lhind.event_booking_api.service.ReviewServiceImpl - Review created successfully with id: 1
2026-08-21 02:46:55.426 DEBUG [main] com.lhind.event_booking_api.service.ReviewServiceImpl - Fetching reviews for event id: 1
2026-08-21 02:46:55.430 INFO  [main] com.lhind.event_booking_api.service.ReviewServiceImpl - Update requested for review id: 1 by user id: 1
2026-08-21 02:46:55.430 DEBUG [main] com.lhind.event_booking_api.service.ReviewServiceImpl - Review ownership validation successful. Review id: 1, user id: 1, admin: false
2026-08-21 02:46:55.430 INFO  [main] com.lhind.event_booking_api.service.ReviewServiceImpl - Review updated successfully with id: 1
2026-08-21 02:46:55.435 DEBUG [main] com.lhind.event_booking_api.service.ReviewServiceImpl - Fetching review by id: 99
2026-08-21 02:46:55.436 WARN  [main] com.lhind.event_booking_api.service.ReviewServiceImpl - Review not found with id: 99
2026-08-21 02:46:55.448 DEBUG [main] com.lhind.event_booking_api.service.ReviewServiceImpl - Fetching reviews for event id: 99
2026-08-21 02:46:55.448 WARN  [main] com.lhind.event_booking_api.service.ReviewServiceImpl - Event not found with id: 99
2026-08-21 02:46:55.454 INFO  [main] com.lhind.event_booking_api.service.ReviewServiceImpl - Creating review for user id: 1 and event id: 1
2026-08-21 02:46:55.454 WARN  [main] com.lhind.event_booking_api.service.ReviewServiceImpl - Duplicate review attempt. User id: 1, event id: 1
2026-08-21 02:46:55.458 DEBUG [main] com.lhind.event_booking_api.service.ReviewServiceImpl - Fetching review by id: 1
2026-08-21 02:46:55.464 DEBUG [main] com.lhind.event_booking_api.service.ReviewServiceImpl - Fetching reviews for user id: 1
2026-08-21 02:46:55.470 INFO  [main] com.lhind.event_booking_api.service.ReviewServiceImpl - Delete requested for review id: 1 by user id: 50
2026-08-21 02:46:55.470 DEBUG [main] com.lhind.event_booking_api.service.ReviewServiceImpl - Review ownership validation successful. Review id: 1, user id: 50, admin: true
2026-08-21 02:46:55.470 INFO  [main] com.lhind.event_booking_api.service.ReviewServiceImpl - Review deleted successfully with id: 1
2026-08-21 02:46:55.476 INFO  [main] com.lhind.event_booking_api.service.ReviewServiceImpl - Update requested for review id: 1 by user id: 1
2026-08-21 02:46:55.476 DEBUG [main] com.lhind.event_booking_api.service.ReviewServiceImpl - Review ownership validation successful. Review id: 1, user id: 1, admin: false
2026-08-21 02:46:55.476 WARN  [main] com.lhind.event_booking_api.service.ReviewServiceImpl - Review id: 1 cannot be moved from event id: 1 to event id: 2
2026-08-21 02:46:55.482 INFO  [main] com.lhind.event_booking_api.service.ReviewServiceImpl - Update requested for review id: 1 by user id: 99
2026-08-21 02:46:55.484 WARN  [main] com.lhind.event_booking_api.service.ReviewServiceImpl - Unauthorized review modification attempt. Review id: 1, user id: 99
2026-08-21 02:46:55.488 INFO  [main] com.lhind.event_booking_api.service.ReviewServiceImpl - Delete requested for review id: 1 by user id: 99
2026-08-21 02:46:55.490 WARN  [main] com.lhind.event_booking_api.service.ReviewServiceImpl - Unauthorized review modification attempt. Review id: 1, user id: 99
2026-08-21 02:46:55.596 DEBUG [main] com.lhind.event_booking_api.service.SeatServiceImpl - Fetching seats for venue id: 1
2026-08-21 02:46:55.600 INFO  [main] com.lhind.event_booking_api.service.SeatServiceImpl - Update requested for seat id: 1
2026-08-21 02:46:55.602 INFO  [main] com.lhind.event_booking_api.service.SeatServiceImpl - Seat updated successfully with id: 1
2026-08-21 02:46:55.606 INFO  [main] com.lhind.event_booking_api.service.SeatServiceImpl - Update requested for seat id: 1
2026-08-21 02:46:55.606 WARN  [main] com.lhind.event_booking_api.service.SeatServiceImpl - Seat update rejected. Seat A-2 already exists in venue id: 1
2026-08-21 02:46:55.610 DEBUG [main] com.lhind.event_booking_api.service.SeatServiceImpl - Fetching seats for venue id: 99
2026-08-21 02:46:55.610 WARN  [main] com.lhind.event_booking_api.service.SeatServiceImpl - Venue not found with id: 99 while fetching seats
2026-08-21 02:46:55.625 INFO  [main] com.lhind.event_booking_api.service.SeatServiceImpl - Creating seat A-1 for venue id: 1
2026-08-21 02:46:55.627 INFO  [main] com.lhind.event_booking_api.service.SeatServiceImpl - Seat created successfully with id: 1
2026-08-21 02:46:55.629 DEBUG [main] com.lhind.event_booking_api.service.SeatServiceImpl - Fetching seat by id: 99
2026-08-21 02:46:55.629 WARN  [main] com.lhind.event_booking_api.service.SeatServiceImpl - Seat not found with id: 99
2026-08-21 02:46:55.629 INFO  [main] com.lhind.event_booking_api.service.SeatServiceImpl - Creating seat A-1 for venue id: 1
2026-08-21 02:46:55.629 WARN  [main] com.lhind.event_booking_api.service.SeatServiceImpl - Seat creation rejected. Seat A-1 already exists in venue id: 1
2026-08-21 02:46:55.637 DEBUG [main] com.lhind.event_booking_api.service.SeatServiceImpl - Fetching seat by id: 1
2026-08-21 02:46:55.637 WARN  [main] com.lhind.event_booking_api.service.SeatServiceImpl - Venue not found with name 'Tirana Arena' and city 'Tirana'
2026-08-21 02:46:55.640 INFO  [main] com.lhind.event_booking_api.service.SeatServiceImpl - Delete requested for seat id: 1
2026-08-21 02:46:55.640 INFO  [main] com.lhind.event_booking_api.service.SeatServiceImpl - Seat deleted successfully with id: 1
2026-08-21 02:46:55.646 DEBUG [main] com.lhind.event_booking_api.service.SeatServiceImpl - Fetching all seats
2026-08-21 02:46:55.646 INFO  [main] com.lhind.event_booking_api.service.SeatServiceImpl - Delete requested for seat id: 99
2026-08-21 02:46:55.646 WARN  [main] com.lhind.event_booking_api.service.SeatServiceImpl - Seat not found with id: 99
2026-08-21 02:46:55.658 INFO  [main] com.lhind.event_booking_api.service.UserServiceImpl - Password change requested for user id: 1
2026-08-21 02:46:55.658 WARN  [main] com.lhind.event_booking_api.service.UserServiceImpl - Password change rejected for user id: 1 because new password matches current password
2026-08-21 02:46:55.662 INFO  [main] com.lhind.event_booking_api.service.UserServiceImpl - Delete requested for user id: 1
2026-08-21 02:46:55.662 INFO  [main] com.lhind.event_booking_api.service.UserServiceImpl - User deleted successfully with id: 1
2026-08-21 02:46:55.662 INFO  [main] com.lhind.event_booking_api.service.UserServiceImpl - Delete requested for user id: 99
2026-08-21 02:46:55.667 WARN  [main] com.lhind.event_booking_api.service.UserServiceImpl - User not found with id: 99
2026-08-21 02:46:55.671 INFO  [main] com.lhind.event_booking_api.service.UserServiceImpl - Profile update requested for user id: 1
2026-08-21 02:46:55.671 INFO  [main] com.lhind.event_booking_api.service.UserServiceImpl - User profile updated successfully with id: 1
2026-08-21 02:46:55.674 DEBUG [main] com.lhind.event_booking_api.service.UserServiceImpl - Fetching current user with id: 1
2026-08-21 02:46:55.676 INFO  [main] com.lhind.event_booking_api.service.UserServiceImpl - Role update requested for user id: 1. New role: ORGANIZER
2026-08-21 02:46:55.677 INFO  [main] com.lhind.event_booking_api.service.UserServiceImpl - User role updated successfully for user id: 1 to role: ORGANIZER
2026-08-21 02:46:55.679 INFO  [main] com.lhind.event_booking_api.service.UserServiceImpl - Profile update requested for user id: 1
2026-08-21 02:46:55.679 WARN  [main] com.lhind.event_booking_api.service.UserServiceImpl - Profile update rejected for user id: 1 because email already exists: existing@test.com
2026-08-21 02:46:55.679 INFO  [main] com.lhind.event_booking_api.service.UserServiceImpl - Password change requested for user id: 1
2026-08-21 02:46:55.679 INFO  [main] com.lhind.event_booking_api.service.UserServiceImpl - Password changed successfully for user id: 1
2026-08-21 02:46:55.679 DEBUG [main] com.lhind.event_booking_api.service.UserServiceImpl - Fetching user by id: 1
2026-08-21 02:46:55.688 DEBUG [main] com.lhind.event_booking_api.service.UserServiceImpl - Fetching all users
2026-08-21 02:46:55.688 DEBUG [main] com.lhind.event_booking_api.service.UserServiceImpl - Fetching user by id: 99
2026-08-21 02:46:55.688 WARN  [main] com.lhind.event_booking_api.service.UserServiceImpl - User not found with id: 99
2026-08-21 02:46:55.694 INFO  [main] com.lhind.event_booking_api.service.UserServiceImpl - Password change requested for user id: 1
2026-08-21 02:46:55.694 WARN  [main] com.lhind.event_booking_api.service.UserServiceImpl - Password change rejected for user id: 1 because current password is incorrect
2026-08-21 02:46:55.694 INFO  [main] com.lhind.event_booking_api.service.UserServiceImpl - Password change requested for user id: 1
2026-08-21 02:46:55.694 WARN  [main] com.lhind.event_booking_api.service.UserServiceImpl - Password change rejected for user id: 1 because confirmation does not match
2026-08-21 02:46:55.751 INFO  [main] com.lhind.event_booking_api.service.VenueServiceImpl - Creating venue with name: Tirana Arena in city: Tirana
2026-08-21 02:46:55.751 INFO  [main] com.lhind.event_booking_api.service.VenueServiceImpl - Venue created successfully with id: 1
2026-08-21 02:46:55.767 DEBUG [main] com.lhind.event_booking_api.service.VenueServiceImpl - Fetching venue by id: 99
2026-08-21 02:46:55.767 WARN  [main] com.lhind.event_booking_api.service.VenueServiceImpl - Venue not found with id: 99
2026-08-21 02:46:55.767 INFO  [main] com.lhind.event_booking_api.service.VenueServiceImpl - Update requested for venue id: 99
2026-08-21 02:46:55.767 WARN  [main] com.lhind.event_booking_api.service.VenueServiceImpl - Venue not found with id: 99
2026-08-21 02:46:55.767 INFO  [main] com.lhind.event_booking_api.service.VenueServiceImpl - Delete requested for venue id: 99
2026-08-21 02:46:55.767 WARN  [main] com.lhind.event_booking_api.service.VenueServiceImpl - Venue not found with id: 99
2026-08-21 02:46:55.767 INFO  [main] com.lhind.event_booking_api.service.VenueServiceImpl - Update requested for venue id: 1
2026-08-21 02:46:55.767 INFO  [main] com.lhind.event_booking_api.service.VenueServiceImpl - Venue updated successfully with id: 1
2026-08-21 02:46:55.783 DEBUG [main] com.lhind.event_booking_api.service.VenueServiceImpl - Fetching venue by id: 1
2026-08-21 02:46:55.783 INFO  [main] com.lhind.event_booking_api.service.VenueServiceImpl - Delete requested for venue id: 1
2026-08-21 02:46:55.783 INFO  [main] com.lhind.event_booking_api.service.VenueServiceImpl - Venue deleted successfully with id: 1
2026-08-21 02:46:55.783 DEBUG [main] com.lhind.event_booking_api.service.VenueServiceImpl - Fetching all venues
2026-08-21 02:46:55.976 INFO  [SpringApplicationShutdownHook] org.springframework.orm.jpa.LocalContainerEntityManagerFactoryBean - Closing JPA EntityManagerFactory for persistence unit 'default'
2026-08-21 02:46:56.005 INFO  [SpringApplicationShutdownHook] org.springframework.orm.jpa.LocalContainerEntityManagerFactoryBean - Closing JPA EntityManagerFactory for persistence unit 'default'
2026-08-21 02:46:56.014 INFO  [SpringApplicationShutdownHook] org.springframework.orm.jpa.LocalContainerEntityManagerFactoryBean - Closing JPA EntityManagerFactory for persistence unit 'default'
2026-08-21 03:09:26.770 INFO  [main] com.lhind.event_booking_api.controller.NotificationControllerTest - Starting NotificationControllerTest using Java 17.0.12 with PID 27448 (started by krist in C:\Users\krist\OneDrive\Desktop\event-booking-api)
2026-08-21 03:09:26.796 DEBUG [main] com.lhind.event_booking_api.controller.NotificationControllerTest - Running with Spring Boot v4.1.0, Spring v7.0.8
2026-08-21 03:09:26.796 INFO  [main] com.lhind.event_booking_api.controller.NotificationControllerTest - The following 1 profile is active: "dev"
2026-08-21 03:09:28.971 WARN  [main] org.springframework.boot.security.autoconfigure.UserDetailsServiceAutoConfiguration - 

Using generated security password: 11e42afb-df0f-4e1b-8ecc-dd8648208940

This generated password is for development use only. Your security configuration must be updated before running your application in production.

2026-08-21 03:09:29.000 INFO  [main] org.springframework.boot.test.mock.web.SpringBootMockServletContext - Initializing Spring TestDispatcherServlet ''
2026-08-21 03:09:29.000 INFO  [main] org.springframework.test.web.servlet.TestDispatcherServlet - Initializing Servlet ''
2026-08-21 03:09:29.018 INFO  [main] org.springframework.test.web.servlet.TestDispatcherServlet - Completed initialization in 0 ms
2026-08-21 03:09:29.109 WARN  [main] org.springframework.security.config.annotation.authentication.configuration.InitializeUserDetailsBeanManagerConfigurer$InitializeUserDetailsManagerConfigurer - Found 2 UserDetailsService beans, with names [inMemoryUserDetailsManager, com.lhind.event_booking_api.security.CustomUserDetailsService#0]. Global Authentication Manager will not use a UserDetailsService for username/password login. Consider publishing a single UserDetailsService bean.
2026-08-21 03:09:29.458 INFO  [main] com.lhind.event_booking_api.controller.NotificationControllerTest - Started NotificationControllerTest in 3.41 seconds (process running for 11.33)
2026-08-21 03:09:29.730 INFO  [main] org.springframework.test.context.support.AnnotationConfigContextLoaderUtils - Could not detect default configuration classes for test class [com.lhind.event_booking_api.controller.PaymentControllerTest]: PaymentControllerTest does not declare any static, non-private, non-final, nested classes annotated with @Configuration.
2026-08-21 03:09:29.742 INFO  [main] org.springframework.boot.test.context.SpringBootTestContextBootstrapper - Found @SpringBootConfiguration com.lhind.event_booking_api.EventBookingApiApplication for test class com.lhind.event_booking_api.controller.PaymentControllerTest
2026-08-21 03:09:29.746 INFO  [main] org.springframework.test.context.support.AnnotationConfigContextLoaderUtils - Could not detect default configuration classes for test class [com.lhind.event_booking_api.controller.PaymentControllerTest]: PaymentControllerTest does not declare any static, non-private, non-final, nested classes annotated with @Configuration.
2026-08-21 03:09:29.757 INFO  [main] org.springframework.boot.test.context.SpringBootTestContextBootstrapper - Found @SpringBootConfiguration com.lhind.event_booking_api.EventBookingApiApplication for test class com.lhind.event_booking_api.controller.PaymentControllerTest
2026-08-21 03:09:29.839 INFO  [main] com.lhind.event_booking_api.controller.PaymentControllerTest - Starting PaymentControllerTest using Java 17.0.12 with PID 27448 (started by krist in C:\Users\krist\OneDrive\Desktop\event-booking-api)
2026-08-21 03:09:29.839 DEBUG [main] com.lhind.event_booking_api.controller.PaymentControllerTest - Running with Spring Boot v4.1.0, Spring v7.0.8
2026-08-21 03:09:29.849 INFO  [main] com.lhind.event_booking_api.controller.PaymentControllerTest - The following 1 profile is active: "dev"
2026-08-21 03:09:30.514 WARN  [main] org.springframework.boot.security.autoconfigure.UserDetailsServiceAutoConfiguration - 

Using generated security password: e6fb5617-94c1-4553-846b-bed71978a0ad

This generated password is for development use only. Your security configuration must be updated before running your application in production.

2026-08-21 03:09:30.514 INFO  [main] org.springframework.boot.test.mock.web.SpringBootMockServletContext - Initializing Spring TestDispatcherServlet ''
2026-08-21 03:09:30.514 INFO  [main] org.springframework.test.web.servlet.TestDispatcherServlet - Initializing Servlet ''
2026-08-21 03:09:30.529 INFO  [main] org.springframework.test.web.servlet.TestDispatcherServlet - Completed initialization in 15 ms
2026-08-21 03:09:30.553 WARN  [main] org.springframework.security.config.annotation.authentication.configuration.InitializeUserDetailsBeanManagerConfigurer$InitializeUserDetailsManagerConfigurer - Found 2 UserDetailsService beans, with names [inMemoryUserDetailsManager, com.lhind.event_booking_api.security.CustomUserDetailsService#0]. Global Authentication Manager will not use a UserDetailsService for username/password login. Consider publishing a single UserDetailsService bean.
2026-08-21 03:09:30.611 INFO  [main] com.lhind.event_booking_api.controller.PaymentControllerTest - Started PaymentControllerTest in 0.851 seconds (process running for 12.482)
2026-08-21 03:09:30.831 INFO  [main] org.springframework.mock.web.MockServletContext - Initializing Spring TestDispatcherServlet ''
2026-08-21 03:09:30.831 INFO  [main] org.springframework.test.web.servlet.TestDispatcherServlet - Initializing Servlet ''
2026-08-21 03:09:30.840 INFO  [main] org.springframework.test.web.servlet.TestDispatcherServlet - Completed initialization in 0 ms
2026-08-21 03:09:30.861 INFO  [main] org.springframework.mock.web.MockServletContext - Initializing Spring TestDispatcherServlet ''
2026-08-21 03:09:30.861 INFO  [main] org.springframework.test.web.servlet.TestDispatcherServlet - Initializing Servlet ''
2026-08-21 03:09:30.861 INFO  [main] org.springframework.test.web.servlet.TestDispatcherServlet - Completed initialization in 0 ms
2026-08-21 03:09:30.876 WARN  [main] org.springframework.web.servlet.mvc.support.DefaultHandlerExceptionResolver - Resolved [org.springframework.web.bind.MethodArgumentNotValidException: Validation failed for argument [0] in public org.springframework.http.ResponseEntity<com.lhind.event_booking_api.dto.review.ReviewResponse> com.lhind.event_booking_api.controller.ReviewController.createReview(com.lhind.event_booking_api.dto.review.ReviewRequest) with 2 errors: [Field error in object 'reviewRequest' on field 'ratingReview': rejected value [null]; codes [NotNull.reviewRequest.ratingReview,NotNull.ratingReview,NotNull.java.lang.Integer,NotNull]; arguments [org.springframework.context.support.DefaultMessageSourceResolvable: codes [reviewRequest.ratingReview,ratingReview]; arguments []; default message [ratingReview]]; default message [Rating is required]] [Field error in object 'reviewRequest' on field 'eventId': rejected value [null]; codes [NotNull.reviewRequest.eventId,NotNull.eventId,NotNull.java.lang.Long,NotNull]; arguments [org.springframework.context.support.DefaultMessageSourceResolvable: codes [reviewRequest.eventId,eventId]; arguments []; default message [eventId]]; default message [Event id is required]] ]
2026-08-21 03:09:30.891 INFO  [main] org.springframework.mock.web.MockServletContext - Initializing Spring TestDispatcherServlet ''
2026-08-21 03:09:30.891 INFO  [main] org.springframework.test.web.servlet.TestDispatcherServlet - Initializing Servlet ''
2026-08-21 03:09:30.891 INFO  [main] org.springframework.test.web.servlet.TestDispatcherServlet - Completed initialization in 0 ms
2026-08-21 03:09:30.908 INFO  [main] org.springframework.mock.web.MockServletContext - Initializing Spring TestDispatcherServlet ''
2026-08-21 03:09:30.908 INFO  [main] org.springframework.test.web.servlet.TestDispatcherServlet - Initializing Servlet ''
2026-08-21 03:09:30.911 INFO  [main] org.springframework.test.web.servlet.TestDispatcherServlet - Completed initialization in 3 ms
2026-08-21 03:09:30.917 WARN  [main] org.springframework.web.servlet.mvc.support.DefaultHandlerExceptionResolver - Resolved [org.springframework.web.bind.MethodArgumentNotValidException: Validation failed for argument [1] in public org.springframework.http.ResponseEntity<com.lhind.event_booking_api.dto.review.ReviewResponse> com.lhind.event_booking_api.controller.ReviewController.updateReview(java.lang.Long,com.lhind.event_booking_api.dto.review.ReviewRequest) with 2 errors: [Field error in object 'reviewRequest' on field 'ratingReview': rejected value [null]; codes [NotNull.reviewRequest.ratingReview,NotNull.ratingReview,NotNull.java.lang.Integer,NotNull]; arguments [org.springframework.context.support.DefaultMessageSourceResolvable: codes [reviewRequest.ratingReview,ratingReview]; arguments []; default message [ratingReview]]; default message [Rating is required]] [Field error in object 'reviewRequest' on field 'eventId': rejected value [null]; codes [NotNull.reviewRequest.eventId,NotNull.eventId,NotNull.java.lang.Long,NotNull]; arguments [org.springframework.context.support.DefaultMessageSourceResolvable: codes [reviewRequest.eventId,eventId]; arguments []; default message [eventId]]; default message [Event id is required]] ]
2026-08-21 03:09:30.932 INFO  [main] org.springframework.mock.web.MockServletContext - Initializing Spring TestDispatcherServlet ''
2026-08-21 03:09:30.932 INFO  [main] org.springframework.test.web.servlet.TestDispatcherServlet - Initializing Servlet ''
2026-08-21 03:09:30.932 INFO  [main] org.springframework.test.web.servlet.TestDispatcherServlet - Completed initialization in 0 ms
2026-08-21 03:09:30.950 INFO  [main] org.springframework.mock.web.MockServletContext - Initializing Spring TestDispatcherServlet ''
2026-08-21 03:09:30.950 INFO  [main] org.springframework.test.web.servlet.TestDispatcherServlet - Initializing Servlet ''
2026-08-21 03:09:30.950 INFO  [main] org.springframework.test.web.servlet.TestDispatcherServlet - Completed initialization in 0 ms
2026-08-21 03:09:30.974 INFO  [main] org.springframework.mock.web.MockServletContext - Initializing Spring TestDispatcherServlet ''
2026-08-21 03:09:30.974 INFO  [main] org.springframework.test.web.servlet.TestDispatcherServlet - Initializing Servlet ''
2026-08-21 03:09:30.977 INFO  [main] org.springframework.test.web.servlet.TestDispatcherServlet - Completed initialization in 0 ms
2026-08-21 03:09:30.998 INFO  [main] org.springframework.mock.web.MockServletContext - Initializing Spring TestDispatcherServlet ''
2026-08-21 03:09:30.998 INFO  [main] org.springframework.test.web.servlet.TestDispatcherServlet - Initializing Servlet ''
2026-08-21 03:09:31.000 INFO  [main] org.springframework.test.web.servlet.TestDispatcherServlet - Completed initialization in 2 ms
2026-08-21 03:09:31.076 INFO  [main] org.springframework.mock.web.MockServletContext - Initializing Spring TestDispatcherServlet ''
2026-08-21 03:09:31.076 INFO  [main] org.springframework.test.web.servlet.TestDispatcherServlet - Initializing Servlet ''
2026-08-21 03:09:31.076 INFO  [main] org.springframework.test.web.servlet.TestDispatcherServlet - Completed initialization in 0 ms
2026-08-21 03:09:31.095 INFO  [main] org.springframework.mock.web.MockServletContext - Initializing Spring TestDispatcherServlet ''
2026-08-21 03:09:31.095 INFO  [main] org.springframework.test.web.servlet.TestDispatcherServlet - Initializing Servlet ''
2026-08-21 03:09:31.095 INFO  [main] org.springframework.test.web.servlet.TestDispatcherServlet - Completed initialization in 0 ms
2026-08-21 03:09:31.108 INFO  [main] org.springframework.mock.web.MockServletContext - Initializing Spring TestDispatcherServlet ''
2026-08-21 03:09:31.108 INFO  [main] org.springframework.test.web.servlet.TestDispatcherServlet - Initializing Servlet ''
2026-08-21 03:09:31.122 INFO  [main] org.springframework.test.web.servlet.TestDispatcherServlet - Completed initialization in 0 ms
2026-08-21 03:09:31.149 INFO  [main] org.springframework.mock.web.MockServletContext - Initializing Spring TestDispatcherServlet ''
2026-08-21 03:09:31.149 INFO  [main] org.springframework.test.web.servlet.TestDispatcherServlet - Initializing Servlet ''
2026-08-21 03:09:31.150 INFO  [main] org.springframework.test.web.servlet.TestDispatcherServlet - Completed initialization in 1 ms
2026-08-21 03:09:31.161 WARN  [main] org.springframework.web.servlet.mvc.support.DefaultHandlerExceptionResolver - Resolved [org.springframework.web.bind.MethodArgumentNotValidException: Validation failed for argument [0] in public org.springframework.http.ResponseEntity<com.lhind.event_booking_api.dto.seat.SeatResponse> com.lhind.event_booking_api.controller.SeatController.createSeat(com.lhind.event_booking_api.dto.seat.SeatRequest) with 3 errors: [Field error in object 'seatRequest' on field 'venue': rejected value [null]; codes [NotNull.seatRequest.venue,NotNull.venue,NotNull.com.lhind.event_booking_api.dto.reference.VenueReferenceRequest,NotNull]; arguments [org.springframework.context.support.DefaultMessageSourceResolvable: codes [seatRequest.venue,venue]; arguments []; default message [venue]]; default message [Venue is required]] [Field error in object 'seatRequest' on field 'seatNumber': rejected value [null]; codes [NotNull.seatRequest.seatNumber,NotNull.seatNumber,NotNull.java.lang.Integer,NotNull]; arguments [org.springframework.context.support.DefaultMessageSourceResolvable: codes [seatRequest.seatNumber,seatNumber]; arguments []; default message [seatNumber]]; default message [Seat number is required]] [Field error in object 'seatRequest' on field 'rowNumber': rejected value [null]; codes [NotBlank.seatRequest.rowNumber,NotBlank.rowNumber,NotBlank.java.lang.String,NotBlank]; arguments [org.springframework.context.support.DefaultMessageSourceResolvable: codes [seatRequest.rowNumber,rowNumber]; arguments []; default message [rowNumber]]; default message [Row number is required]] ]
2026-08-21 03:09:31.170 INFO  [main] org.springframework.mock.web.MockServletContext - Initializing Spring TestDispatcherServlet ''
2026-08-21 03:09:31.170 INFO  [main] org.springframework.test.web.servlet.TestDispatcherServlet - Initializing Servlet ''
2026-08-21 03:09:31.170 INFO  [main] org.springframework.test.web.servlet.TestDispatcherServlet - Completed initialization in 0 ms
2026-08-21 03:09:31.187 INFO  [main] org.springframework.mock.web.MockServletContext - Initializing Spring TestDispatcherServlet ''
2026-08-21 03:09:31.187 INFO  [main] org.springframework.test.web.servlet.TestDispatcherServlet - Initializing Servlet ''
2026-08-21 03:09:31.187 INFO  [main] org.springframework.test.web.servlet.TestDispatcherServlet - Completed initialization in 0 ms
2026-08-21 03:09:31.199 INFO  [main] org.springframework.mock.web.MockServletContext - Initializing Spring TestDispatcherServlet ''
2026-08-21 03:09:31.199 INFO  [main] org.springframework.test.web.servlet.TestDispatcherServlet - Initializing Servlet ''
2026-08-21 03:09:31.199 INFO  [main] org.springframework.test.web.servlet.TestDispatcherServlet - Completed initialization in 0 ms
2026-08-21 03:09:31.208 WARN  [main] org.springframework.web.servlet.mvc.support.DefaultHandlerExceptionResolver - Resolved [org.springframework.web.bind.MethodArgumentNotValidException: Validation failed for argument [1] in public org.springframework.http.ResponseEntity<com.lhind.event_booking_api.dto.seat.SeatResponse> com.lhind.event_booking_api.controller.SeatController.updateSeat(java.lang.Long,com.lhind.event_booking_api.dto.seat.SeatRequest) with 3 errors: [Field error in object 'seatRequest' on field 'venue': rejected value [null]; codes [NotNull.seatRequest.venue,NotNull.venue,NotNull.com.lhind.event_booking_api.dto.reference.VenueReferenceRequest,NotNull]; arguments [org.springframework.context.support.DefaultMessageSourceResolvable: codes [seatRequest.venue,venue]; arguments []; default message [venue]]; default message [Venue is required]] [Field error in object 'seatRequest' on field 'seatNumber': rejected value [null]; codes [NotNull.seatRequest.seatNumber,NotNull.seatNumber,NotNull.java.lang.Integer,NotNull]; arguments [org.springframework.context.support.DefaultMessageSourceResolvable: codes [seatRequest.seatNumber,seatNumber]; arguments []; default message [seatNumber]]; default message [Seat number is required]] [Field error in object 'seatRequest' on field 'rowNumber': rejected value [null]; codes [NotBlank.seatRequest.rowNumber,NotBlank.rowNumber,NotBlank.java.lang.String,NotBlank]; arguments [org.springframework.context.support.DefaultMessageSourceResolvable: codes [seatRequest.rowNumber,rowNumber]; arguments []; default message [rowNumber]]; default message [Row number is required]] ]
2026-08-21 03:09:31.220 INFO  [main] org.springframework.mock.web.MockServletContext - Initializing Spring TestDispatcherServlet ''
2026-08-21 03:09:31.220 INFO  [main] org.springframework.test.web.servlet.TestDispatcherServlet - Initializing Servlet ''
2026-08-21 03:09:31.222 INFO  [main] org.springframework.test.web.servlet.TestDispatcherServlet - Completed initialization in 0 ms
2026-08-21 03:09:31.310 INFO  [main] org.springframework.mock.web.MockServletContext - Initializing Spring TestDispatcherServlet ''
2026-08-21 03:09:31.310 INFO  [main] org.springframework.test.web.servlet.TestDispatcherServlet - Initializing Servlet ''
2026-08-21 03:09:31.310 INFO  [main] org.springframework.test.web.servlet.TestDispatcherServlet - Completed initialization in 0 ms
2026-08-21 03:09:31.336 INFO  [main] org.springframework.mock.web.MockServletContext - Initializing Spring TestDispatcherServlet ''
2026-08-21 03:09:31.336 INFO  [main] org.springframework.test.web.servlet.TestDispatcherServlet - Initializing Servlet ''
2026-08-21 03:09:31.336 INFO  [main] org.springframework.test.web.servlet.TestDispatcherServlet - Completed initialization in 0 ms
2026-08-21 03:09:31.356 INFO  [main] org.springframework.mock.web.MockServletContext - Initializing Spring TestDispatcherServlet ''
2026-08-21 03:09:31.356 INFO  [main] org.springframework.test.web.servlet.TestDispatcherServlet - Initializing Servlet ''
2026-08-21 03:09:31.356 INFO  [main] org.springframework.test.web.servlet.TestDispatcherServlet - Completed initialization in 0 ms
2026-08-21 03:09:31.370 INFO  [main] org.springframework.mock.web.MockServletContext - Initializing Spring TestDispatcherServlet ''
2026-08-21 03:09:31.370 INFO  [main] org.springframework.test.web.servlet.TestDispatcherServlet - Initializing Servlet ''
2026-08-21 03:09:31.370 INFO  [main] org.springframework.test.web.servlet.TestDispatcherServlet - Completed initialization in 0 ms
2026-08-21 03:09:31.374 WARN  [main] org.springframework.web.servlet.mvc.support.DefaultHandlerExceptionResolver - Resolved [org.springframework.web.bind.MethodArgumentNotValidException: Validation failed for argument [1] in public org.springframework.http.ResponseEntity<com.lhind.event_booking_api.dto.user.UserResponse> com.lhind.event_booking_api.controller.UserController.updateUserRole(java.lang.Long,com.lhind.event_booking_api.dto.user.RoleUpdateRequest): [Field error in object 'roleUpdateRequest' on field 'role': rejected value [null]; codes [NotNull.roleUpdateRequest.role,NotNull.role,NotNull.com.lhind.event_booking_api.entity.Role,NotNull]; arguments [org.springframework.context.support.DefaultMessageSourceResolvable: codes [roleUpdateRequest.role,role]; arguments []; default message [role]]; default message [Role is required]] ]
2026-08-21 03:09:31.387 INFO  [main] org.springframework.mock.web.MockServletContext - Initializing Spring TestDispatcherServlet ''
2026-08-21 03:09:31.387 INFO  [main] org.springframework.test.web.servlet.TestDispatcherServlet - Initializing Servlet ''
2026-08-21 03:09:31.387 INFO  [main] org.springframework.test.web.servlet.TestDispatcherServlet - Completed initialization in 0 ms
2026-08-21 03:09:31.405 INFO  [main] org.springframework.mock.web.MockServletContext - Initializing Spring TestDispatcherServlet ''
2026-08-21 03:09:31.405 INFO  [main] org.springframework.test.web.servlet.TestDispatcherServlet - Initializing Servlet ''
2026-08-21 03:09:31.405 INFO  [main] org.springframework.test.web.servlet.TestDispatcherServlet - Completed initialization in 0 ms
2026-08-21 03:09:31.416 WARN  [main] org.springframework.web.servlet.mvc.support.DefaultHandlerExceptionResolver - Resolved [org.springframework.web.bind.MethodArgumentNotValidException: Validation failed for argument [0] in public org.springframework.http.ResponseEntity<java.lang.Void> com.lhind.event_booking_api.controller.UserController.changePassword(com.lhind.event_booking_api.dto.user.ChangePasswordRequest) with 4 errors: [Field error in object 'changePasswordRequest' on field 'newPassword': rejected value []; codes [NotBlank.changePasswordRequest.newPassword,NotBlank.newPassword,NotBlank.java.lang.String,NotBlank]; arguments [org.springframework.context.support.DefaultMessageSourceResolvable: codes [changePasswordRequest.newPassword,newPassword]; arguments []; default message [newPassword]]; default message [New password is required]] [Field error in object 'changePasswordRequest' on field 'confirmPassword': rejected value []; codes [NotBlank.changePasswordRequest.confirmPassword,NotBlank.confirmPassword,NotBlank.java.lang.String,NotBlank]; arguments [org.springframework.context.support.DefaultMessageSourceResolvable: codes [changePasswordRequest.confirmPassword,confirmPassword]; arguments []; default message [confirmPassword]]; default message [Password confirmation is required]] [Field error in object 'changePasswordRequest' on field 'currentPassword': rejected value []; codes [NotBlank.changePasswordRequest.currentPassword,NotBlank.currentPassword,NotBlank.java.lang.String,NotBlank]; arguments [org.springframework.context.support.DefaultMessageSourceResolvable: codes [changePasswordRequest.currentPassword,currentPassword]; arguments []; default message [currentPassword]]; default message [Current password is required]] [Field error in object 'changePasswordRequest' on field 'newPassword': rejected value []; codes [Size.changePasswordRequest.newPassword,Size.newPassword,Size.java.lang.String,Size]; arguments [org.springframework.context.support.DefaultMessageSourceResolvable: codes [changePasswordRequest.newPassword,newPassword]; arguments []; default message [newPassword],100,8]; default message [New password must be between 8 and 100 characters]] ]
2026-08-21 03:09:31.426 INFO  [main] org.springframework.mock.web.MockServletContext - Initializing Spring TestDispatcherServlet ''
2026-08-21 03:09:31.426 INFO  [main] org.springframework.test.web.servlet.TestDispatcherServlet - Initializing Servlet ''
2026-08-21 03:09:31.426 INFO  [main] org.springframework.test.web.servlet.TestDispatcherServlet - Completed initialization in 0 ms
2026-08-21 03:09:31.440 INFO  [main] org.springframework.mock.web.MockServletContext - Initializing Spring TestDispatcherServlet ''
2026-08-21 03:09:31.442 INFO  [main] org.springframework.test.web.servlet.TestDispatcherServlet - Initializing Servlet ''
2026-08-21 03:09:31.442 INFO  [main] org.springframework.test.web.servlet.TestDispatcherServlet - Completed initialization in 0 ms
2026-08-21 03:09:31.456 INFO  [main] org.springframework.mock.web.MockServletContext - Initializing Spring TestDispatcherServlet ''
2026-08-21 03:09:31.456 INFO  [main] org.springframework.test.web.servlet.TestDispatcherServlet - Initializing Servlet ''
2026-08-21 03:09:31.458 INFO  [main] org.springframework.test.web.servlet.TestDispatcherServlet - Completed initialization in 2 ms
2026-08-21 03:09:31.462 WARN  [main] org.springframework.web.servlet.mvc.support.DefaultHandlerExceptionResolver - Resolved [org.springframework.web.bind.MethodArgumentNotValidException: Validation failed for argument [0] in public org.springframework.http.ResponseEntity<com.lhind.event_booking_api.dto.user.UserResponse> com.lhind.event_booking_api.controller.UserController.updateCurrentUser(com.lhind.event_booking_api.dto.user.UserUpdateRequest) with 5 errors: [Field error in object 'userUpdateRequest' on field 'lastName': rejected value []; codes [NotBlank.userUpdateRequest.lastName,NotBlank.lastName,NotBlank.java.lang.String,NotBlank]; arguments [org.springframework.context.support.DefaultMessageSourceResolvable: codes [userUpdateRequest.lastName,lastName]; arguments []; default message [lastName]]; default message [Last name is required]] [Field error in object 'userUpdateRequest' on field 'email': rejected value [invalid-email]; codes [Email.userUpdateRequest.email,Email.email,Email.java.lang.String,Email]; arguments [org.springframework.context.support.DefaultMessageSourceResolvable: codes [userUpdateRequest.email,email]; arguments []; default message [email],[Ljakarta.validation.constraints.Pattern$Flag;@42edde25,.*]; default message [Email format is invalid]] [Field error in object 'userUpdateRequest' on field 'firstName': rejected value []; codes [NotBlank.userUpdateRequest.firstName,NotBlank.firstName,NotBlank.java.lang.String,NotBlank]; arguments [org.springframework.context.support.DefaultMessageSourceResolvable: codes [userUpdateRequest.firstName,firstName]; arguments []; default message [firstName]]; default message [First name is required]] [Field error in object 'userUpdateRequest' on field 'firstName': rejected value []; codes [Size.userUpdateRequest.firstName,Size.firstName,Size.java.lang.String,Size]; arguments [org.springframework.context.support.DefaultMessageSourceResolvable: codes [userUpdateRequest.firstName,firstName]; arguments []; default message [firstName],50,2]; default message [First name must be between 2 and 50 characters]] [Field error in object 'userUpdateRequest' on field 'lastName': rejected value []; codes [Size.userUpdateRequest.lastName,Size.lastName,Size.java.lang.String,Size]; arguments [org.springframework.context.support.DefaultMessageSourceResolvable: codes [userUpdateRequest.lastName,lastName]; arguments []; default message [lastName],50,2]; default message [Last name must be between 2 and 50 characters]] ]
2026-08-21 03:09:31.477 INFO  [main] org.springframework.mock.web.MockServletContext - Initializing Spring TestDispatcherServlet ''
2026-08-21 03:09:31.477 INFO  [main] org.springframework.test.web.servlet.TestDispatcherServlet - Initializing Servlet ''
2026-08-21 03:09:31.477 INFO  [main] org.springframework.test.web.servlet.TestDispatcherServlet - Completed initialization in 0 ms
2026-08-21 03:09:31.540 INFO  [main] org.springframework.mock.web.MockServletContext - Initializing Spring TestDispatcherServlet ''
2026-08-21 03:09:31.540 INFO  [main] org.springframework.test.web.servlet.TestDispatcherServlet - Initializing Servlet ''
2026-08-21 03:09:31.542 INFO  [main] org.springframework.test.web.servlet.TestDispatcherServlet - Completed initialization in 2 ms
2026-08-21 03:09:31.550 INFO  [main] org.springframework.mock.web.MockServletContext - Initializing Spring TestDispatcherServlet ''
2026-08-21 03:09:31.550 INFO  [main] org.springframework.test.web.servlet.TestDispatcherServlet - Initializing Servlet ''
2026-08-21 03:09:31.550 INFO  [main] org.springframework.test.web.servlet.TestDispatcherServlet - Completed initialization in 0 ms
2026-08-21 03:09:31.566 INFO  [main] org.springframework.mock.web.MockServletContext - Initializing Spring TestDispatcherServlet ''
2026-08-21 03:09:31.566 INFO  [main] org.springframework.test.web.servlet.TestDispatcherServlet - Initializing Servlet ''
2026-08-21 03:09:31.566 INFO  [main] org.springframework.test.web.servlet.TestDispatcherServlet - Completed initialization in 0 ms
2026-08-21 03:09:31.575 WARN  [main] org.springframework.web.servlet.mvc.support.DefaultHandlerExceptionResolver - Resolved [org.springframework.web.bind.MethodArgumentNotValidException: Validation failed for argument [0] in public org.springframework.http.ResponseEntity<com.lhind.event_booking_api.dto.venue.VenueResponse> com.lhind.event_booking_api.controller.VenueController.createVenue(com.lhind.event_booking_api.dto.venue.VenueRequest) with 4 errors: [Field error in object 'venueRequest' on field 'venueCity': rejected value [null]; codes [NotBlank.venueRequest.venueCity,NotBlank.venueCity,NotBlank.java.lang.String,NotBlank]; arguments [org.springframework.context.support.DefaultMessageSourceResolvable: codes [venueRequest.venueCity,venueCity]; arguments []; default message [venueCity]]; default message [Venue city is required]] [Field error in object 'venueRequest' on field 'venueCapacity': rejected value [null]; codes [NotNull.venueRequest.venueCapacity,NotNull.venueCapacity,NotNull.java.lang.Integer,NotNull]; arguments [org.springframework.context.support.DefaultMessageSourceResolvable: codes [venueRequest.venueCapacity,venueCapacity]; arguments []; default message [venueCapacity]]; default message [Venue capacity is required]] [Field error in object 'venueRequest' on field 'venueAddress': rejected value [null]; codes [NotBlank.venueRequest.venueAddress,NotBlank.venueAddress,NotBlank.java.lang.String,NotBlank]; arguments [org.springframework.context.support.DefaultMessageSourceResolvable: codes [venueRequest.venueAddress,venueAddress]; arguments []; default message [venueAddress]]; default message [Venue address is required]] [Field error in object 'venueRequest' on field 'venueName': rejected value [null]; codes [NotBlank.venueRequest.venueName,NotBlank.venueName,NotBlank.java.lang.String,NotBlank]; arguments [org.springframework.context.support.DefaultMessageSourceResolvable: codes [venueRequest.venueName,venueName]; arguments []; default message [venueName]]; default message [Venue name is required]] ]
2026-08-21 03:09:31.587 INFO  [main] org.springframework.mock.web.MockServletContext - Initializing Spring TestDispatcherServlet ''
2026-08-21 03:09:31.587 INFO  [main] org.springframework.test.web.servlet.TestDispatcherServlet - Initializing Servlet ''
2026-08-21 03:09:31.587 INFO  [main] org.springframework.test.web.servlet.TestDispatcherServlet - Completed initialization in 0 ms
2026-08-21 03:09:31.604 INFO  [main] org.springframework.mock.web.MockServletContext - Initializing Spring TestDispatcherServlet ''
2026-08-21 03:09:31.604 INFO  [main] org.springframework.test.web.servlet.TestDispatcherServlet - Initializing Servlet ''
2026-08-21 03:09:31.607 INFO  [main] org.springframework.test.web.servlet.TestDispatcherServlet - Completed initialization in 0 ms
2026-08-21 03:09:31.612 WARN  [main] org.springframework.web.servlet.mvc.support.DefaultHandlerExceptionResolver - Resolved [org.springframework.web.bind.MethodArgumentNotValidException: Validation failed for argument [1] in public org.springframework.http.ResponseEntity<com.lhind.event_booking_api.dto.venue.VenueResponse> com.lhind.event_booking_api.controller.VenueController.updateVenue(java.lang.Long,com.lhind.event_booking_api.dto.venue.VenueRequest) with 4 errors: [Field error in object 'venueRequest' on field 'venueAddress': rejected value [null]; codes [NotBlank.venueRequest.venueAddress,NotBlank.venueAddress,NotBlank.java.lang.String,NotBlank]; arguments [org.springframework.context.support.DefaultMessageSourceResolvable: codes [venueRequest.venueAddress,venueAddress]; arguments []; default message [venueAddress]]; default message [Venue address is required]] [Field error in object 'venueRequest' on field 'venueCity': rejected value [null]; codes [NotBlank.venueRequest.venueCity,NotBlank.venueCity,NotBlank.java.lang.String,NotBlank]; arguments [org.springframework.context.support.DefaultMessageSourceResolvable: codes [venueRequest.venueCity,venueCity]; arguments []; default message [venueCity]]; default message [Venue city is required]] [Field error in object 'venueRequest' on field 'venueName': rejected value [null]; codes [NotBlank.venueRequest.venueName,NotBlank.venueName,NotBlank.java.lang.String,NotBlank]; arguments [org.springframework.context.support.DefaultMessageSourceResolvable: codes [venueRequest.venueName,venueName]; arguments []; default message [venueName]]; default message [Venue name is required]] [Field error in object 'venueRequest' on field 'venueCapacity': rejected value [null]; codes [NotNull.venueRequest.venueCapacity,NotNull.venueCapacity,NotNull.java.lang.Integer,NotNull]; arguments [org.springframework.context.support.DefaultMessageSourceResolvable: codes [venueRequest.venueCapacity,venueCapacity]; arguments []; default message [venueCapacity]]; default message [Venue capacity is required]] ]
2026-08-21 03:09:31.626 INFO  [main] org.springframework.mock.web.MockServletContext - Initializing Spring TestDispatcherServlet ''
2026-08-21 03:09:31.626 INFO  [main] org.springframework.test.web.servlet.TestDispatcherServlet - Initializing Servlet ''
2026-08-21 03:09:31.626 INFO  [main] org.springframework.test.web.servlet.TestDispatcherServlet - Completed initialization in 0 ms
2026-08-21 03:09:31.636 INFO  [main] org.springframework.mock.web.MockServletContext - Initializing Spring TestDispatcherServlet ''
2026-08-21 03:09:31.638 INFO  [main] org.springframework.test.web.servlet.TestDispatcherServlet - Initializing Servlet ''
2026-08-21 03:09:31.638 INFO  [main] org.springframework.test.web.servlet.TestDispatcherServlet - Completed initialization in 0 ms
2026-08-21 03:09:31.653 INFO  [main] org.springframework.test.context.support.AnnotationConfigContextLoaderUtils - Could not detect default configuration classes for test class [com.lhind.event_booking_api.controller.WaitlistControllerTest]: WaitlistControllerTest does not declare any static, non-private, non-final, nested classes annotated with @Configuration.
2026-08-21 03:09:31.666 INFO  [main] org.springframework.boot.test.context.SpringBootTestContextBootstrapper - Found @SpringBootConfiguration com.lhind.event_booking_api.EventBookingApiApplication for test class com.lhind.event_booking_api.controller.WaitlistControllerTest
2026-08-21 03:09:31.670 INFO  [main] org.springframework.test.context.support.AnnotationConfigContextLoaderUtils - Could not detect default configuration classes for test class [com.lhind.event_booking_api.controller.WaitlistControllerTest]: WaitlistControllerTest does not declare any static, non-private, non-final, nested classes annotated with @Configuration.
2026-08-21 03:09:31.678 INFO  [main] org.springframework.boot.test.context.SpringBootTestContextBootstrapper - Found @SpringBootConfiguration com.lhind.event_booking_api.EventBookingApiApplication for test class com.lhind.event_booking_api.controller.WaitlistControllerTest
2026-08-21 03:09:31.729 INFO  [main] com.lhind.event_booking_api.controller.WaitlistControllerTest - Starting WaitlistControllerTest using Java 17.0.12 with PID 27448 (started by krist in C:\Users\krist\OneDrive\Desktop\event-booking-api)
2026-08-21 03:09:31.729 DEBUG [main] com.lhind.event_booking_api.controller.WaitlistControllerTest - Running with Spring Boot v4.1.0, Spring v7.0.8
2026-08-21 03:09:31.729 INFO  [main] com.lhind.event_booking_api.controller.WaitlistControllerTest - The following 1 profile is active: "dev"
2026-08-21 03:09:32.189 WARN  [main] org.springframework.boot.security.autoconfigure.UserDetailsServiceAutoConfiguration - 

Using generated security password: f68d498f-428a-4086-811c-4eca38830488

This generated password is for development use only. Your security configuration must be updated before running your application in production.

2026-08-21 03:09:32.192 INFO  [main] org.springframework.boot.test.mock.web.SpringBootMockServletContext - Initializing Spring TestDispatcherServlet ''
2026-08-21 03:09:32.192 INFO  [main] org.springframework.test.web.servlet.TestDispatcherServlet - Initializing Servlet ''
2026-08-21 03:09:32.192 INFO  [main] org.springframework.test.web.servlet.TestDispatcherServlet - Completed initialization in 0 ms
2026-08-21 03:09:32.210 WARN  [main] org.springframework.security.config.annotation.authentication.configuration.InitializeUserDetailsBeanManagerConfigurer$InitializeUserDetailsManagerConfigurer - Found 2 UserDetailsService beans, with names [inMemoryUserDetailsManager, com.lhind.event_booking_api.security.CustomUserDetailsService#0]. Global Authentication Manager will not use a UserDetailsService for username/password login. Consider publishing a single UserDetailsService bean.
2026-08-21 03:09:32.256 INFO  [main] com.lhind.event_booking_api.controller.WaitlistControllerTest - Started WaitlistControllerTest in 0.574 seconds (process running for 14.13)
2026-08-21 03:09:32.395 INFO  [main] org.springframework.test.context.support.AnnotationConfigContextLoaderUtils - Could not detect default configuration classes for test class [com.lhind.event_booking_api.EventBookingApiApplicationTests]: EventBookingApiApplicationTests does not declare any static, non-private, non-final, nested classes annotated with @Configuration.
2026-08-21 03:09:32.407 INFO  [main] org.springframework.boot.test.context.SpringBootTestContextBootstrapper - Found @SpringBootConfiguration com.lhind.event_booking_api.EventBookingApiApplication for test class com.lhind.event_booking_api.EventBookingApiApplicationTests
2026-08-21 03:09:32.413 INFO  [main] org.springframework.test.context.support.AnnotationConfigContextLoaderUtils - Could not detect default configuration classes for test class [com.lhind.event_booking_api.EventBookingApiApplicationTests]: EventBookingApiApplicationTests does not declare any static, non-private, non-final, nested classes annotated with @Configuration.
2026-08-21 03:09:32.415 INFO  [main] org.springframework.boot.test.context.SpringBootTestContextBootstrapper - Found @SpringBootConfiguration com.lhind.event_booking_api.EventBookingApiApplication for test class com.lhind.event_booking_api.EventBookingApiApplicationTests
2026-08-21 03:09:32.499 INFO  [main] com.lhind.event_booking_api.EventBookingApiApplicationTests - Starting EventBookingApiApplicationTests using Java 17.0.12 with PID 27448 (started by krist in C:\Users\krist\OneDrive\Desktop\event-booking-api)
2026-08-21 03:09:32.499 DEBUG [main] com.lhind.event_booking_api.EventBookingApiApplicationTests - Running with Spring Boot v4.1.0, Spring v7.0.8
2026-08-21 03:09:32.499 INFO  [main] com.lhind.event_booking_api.EventBookingApiApplicationTests - The following 1 profile is active: "test"
2026-08-21 03:09:33.197 INFO  [main] org.springframework.data.repository.config.RepositoryConfigurationDelegate - Bootstrapping Spring Data JPA repositories in DEFAULT mode.
2026-08-21 03:09:33.356 INFO  [main] org.springframework.data.repository.config.RepositoryConfigurationDelegate - Finished Spring Data repository scanning in 128 ms. Found 12 JPA repository interfaces.
2026-08-21 03:09:34.803 INFO  [main] org.springframework.orm.jpa.persistenceunit.SpringPersistenceUnitInfo - No LoadTimeWeaver setup: ignoring JPA class transformer
2026-08-21 03:09:37.268 INFO  [main] org.springframework.orm.jpa.LocalContainerEntityManagerFactoryBean - Initialized JPA EntityManagerFactory for persistence unit 'default'
2026-08-21 03:09:37.427 INFO  [main] org.springframework.data.jpa.repository.query.QueryEnhancerFactories - Hibernate is in classpath; If applicable, HQL parser will be used.
2026-08-21 03:09:37.941 INFO  [main] org.springframework.security.config.annotation.authentication.configuration.InitializeUserDetailsBeanManagerConfigurer$InitializeUserDetailsManagerConfigurer - Global AuthenticationManager configured with UserDetailsService bean with name customUserDetailsService
2026-08-21 03:09:38.930 INFO  [main] com.lhind.event_booking_api.EventBookingApiApplicationTests - Started EventBookingApiApplicationTests in 6.509 seconds (process running for 20.804)
2026-08-21 03:09:38.946 WARN  [main] org.springdoc.core.events.SpringDocAppInitializer - SpringDoc /v3/api-docs endpoint is enabled by default. To disable it in production, set the property 'springdoc.api-docs.enabled=false'
2026-08-21 03:09:38.957 WARN  [main] org.springdoc.core.events.SpringDocAppInitializer - SpringDoc /swagger-ui.html endpoint is enabled by default. To disable it in production, set the property 'springdoc.swagger-ui.enabled=false'
2026-08-21 03:09:38.976 INFO  [main] org.springframework.test.context.support.AnnotationConfigContextLoaderUtils - Could not detect default configuration classes for test class [com.lhind.event_booking_api.repository.BookingRepositoryTest]: BookingRepositoryTest does not declare any static, non-private, non-final, nested classes annotated with @Configuration.
2026-08-21 03:09:39.014 INFO  [main] org.springframework.boot.test.context.SpringBootTestContextBootstrapper - Found @SpringBootConfiguration com.lhind.event_booking_api.EventBookingApiApplication for test class com.lhind.event_booking_api.repository.BookingRepositoryTest
2026-08-21 03:09:39.014 INFO  [main] org.springframework.test.context.support.AnnotationConfigContextLoaderUtils - Could not detect default configuration classes for test class [com.lhind.event_booking_api.repository.BookingRepositoryTest]: BookingRepositoryTest does not declare any static, non-private, non-final, nested classes annotated with @Configuration.
2026-08-21 03:09:39.028 INFO  [main] org.springframework.boot.test.context.SpringBootTestContextBootstrapper - Found @SpringBootConfiguration com.lhind.event_booking_api.EventBookingApiApplication for test class com.lhind.event_booking_api.repository.BookingRepositoryTest
2026-08-21 03:09:39.072 INFO  [main] com.lhind.event_booking_api.repository.BookingRepositoryTest - Starting BookingRepositoryTest using Java 17.0.12 with PID 27448 (started by krist in C:\Users\krist\OneDrive\Desktop\event-booking-api)
2026-08-21 03:09:39.074 DEBUG [main] com.lhind.event_booking_api.repository.BookingRepositoryTest - Running with Spring Boot v4.1.0, Spring v7.0.8
2026-08-21 03:09:39.074 INFO  [main] com.lhind.event_booking_api.repository.BookingRepositoryTest - The following 1 profile is active: "test"
2026-08-21 03:09:39.201 INFO  [main] org.springframework.data.repository.config.RepositoryConfigurationDelegate - Bootstrapping Spring Data JPA repositories in DEFAULT mode.
2026-08-21 03:09:39.253 INFO  [main] org.springframework.data.repository.config.RepositoryConfigurationDelegate - Finished Spring Data repository scanning in 46 ms. Found 12 JPA repository interfaces.
2026-08-21 03:09:39.361 INFO  [main] org.springframework.orm.jpa.persistenceunit.SpringPersistenceUnitInfo - No LoadTimeWeaver setup: ignoring JPA class transformer
2026-08-21 03:09:39.648 INFO  [main] org.springframework.orm.jpa.LocalContainerEntityManagerFactoryBean - Initialized JPA EntityManagerFactory for persistence unit 'default'
2026-08-21 03:09:39.803 INFO  [main] com.lhind.event_booking_api.repository.BookingRepositoryTest - Started BookingRepositoryTest in 0.77 seconds (process running for 21.673)
2026-08-21 03:09:41.078 INFO  [main] org.springframework.test.context.support.AnnotationConfigContextLoaderUtils - Could not detect default configuration classes for test class [com.lhind.event_booking_api.repository.CategoryRepositoryTest]: CategoryRepositoryTest does not declare any static, non-private, non-final, nested classes annotated with @Configuration.
2026-08-21 03:09:41.095 INFO  [main] org.springframework.boot.test.context.SpringBootTestContextBootstrapper - Found @SpringBootConfiguration com.lhind.event_booking_api.EventBookingApiApplication for test class com.lhind.event_booking_api.repository.CategoryRepositoryTest
2026-08-21 03:09:41.095 INFO  [main] org.springframework.test.context.support.AnnotationConfigContextLoaderUtils - Could not detect default configuration classes for test class [com.lhind.event_booking_api.repository.CategoryRepositoryTest]: CategoryRepositoryTest does not declare any static, non-private, non-final, nested classes annotated with @Configuration.
2026-08-21 03:09:41.110 INFO  [main] org.springframework.boot.test.context.SpringBootTestContextBootstrapper - Found @SpringBootConfiguration com.lhind.event_booking_api.EventBookingApiApplication for test class com.lhind.event_booking_api.repository.CategoryRepositoryTest
2026-08-21 03:09:41.220 INFO  [main] org.springframework.test.context.support.AnnotationConfigContextLoaderUtils - Could not detect default configuration classes for test class [com.lhind.event_booking_api.repository.EventRepositoryTest]: EventRepositoryTest does not declare any static, non-private, non-final, nested classes annotated with @Configuration.
2026-08-21 03:09:41.225 INFO  [main] org.springframework.boot.test.context.SpringBootTestContextBootstrapper - Found @SpringBootConfiguration com.lhind.event_booking_api.EventBookingApiApplication for test class com.lhind.event_booking_api.repository.EventRepositoryTest
2026-08-21 03:09:41.225 INFO  [main] org.springframework.test.context.support.AnnotationConfigContextLoaderUtils - Could not detect default configuration classes for test class [com.lhind.event_booking_api.repository.EventRepositoryTest]: EventRepositoryTest does not declare any static, non-private, non-final, nested classes annotated with @Configuration.
2026-08-21 03:09:41.241 INFO  [main] org.springframework.boot.test.context.SpringBootTestContextBootstrapper - Found @SpringBootConfiguration com.lhind.event_booking_api.EventBookingApiApplication for test class com.lhind.event_booking_api.repository.EventRepositoryTest
2026-08-21 03:09:41.565 INFO  [main] org.springframework.test.context.support.AnnotationConfigContextLoaderUtils - Could not detect default configuration classes for test class [com.lhind.event_booking_api.repository.EventSeatRepositoryTest]: EventSeatRepositoryTest does not declare any static, non-private, non-final, nested classes annotated with @Configuration.
2026-08-21 03:09:41.605 INFO  [main] org.springframework.boot.test.context.SpringBootTestContextBootstrapper - Found @SpringBootConfiguration com.lhind.event_booking_api.EventBookingApiApplication for test class com.lhind.event_booking_api.repository.EventSeatRepositoryTest
2026-08-21 03:09:41.606 INFO  [main] org.springframework.test.context.support.AnnotationConfigContextLoaderUtils - Could not detect default configuration classes for test class [com.lhind.event_booking_api.repository.EventSeatRepositoryTest]: EventSeatRepositoryTest does not declare any static, non-private, non-final, nested classes annotated with @Configuration.
2026-08-21 03:09:41.618 INFO  [main] org.springframework.boot.test.context.SpringBootTestContextBootstrapper - Found @SpringBootConfiguration com.lhind.event_booking_api.EventBookingApiApplication for test class com.lhind.event_booking_api.repository.EventSeatRepositoryTest
2026-08-21 03:09:41.885 INFO  [main] org.springframework.test.context.support.AnnotationConfigContextLoaderUtils - Could not detect default configuration classes for test class [com.lhind.event_booking_api.repository.NotificationRepositoryTest]: NotificationRepositoryTest does not declare any static, non-private, non-final, nested classes annotated with @Configuration.
2026-08-21 03:09:41.897 INFO  [main] org.springframework.boot.test.context.SpringBootTestContextBootstrapper - Found @SpringBootConfiguration com.lhind.event_booking_api.EventBookingApiApplication for test class com.lhind.event_booking_api.repository.NotificationRepositoryTest
2026-08-21 03:09:41.897 INFO  [main] org.springframework.test.context.support.AnnotationConfigContextLoaderUtils - Could not detect default configuration classes for test class [com.lhind.event_booking_api.repository.NotificationRepositoryTest]: NotificationRepositoryTest does not declare any static, non-private, non-final, nested classes annotated with @Configuration.
2026-08-21 03:09:41.922 INFO  [main] org.springframework.boot.test.context.SpringBootTestContextBootstrapper - Found @SpringBootConfiguration com.lhind.event_booking_api.EventBookingApiApplication for test class com.lhind.event_booking_api.repository.NotificationRepositoryTest
2026-08-21 03:09:42.227 INFO  [main] org.springframework.test.context.support.AnnotationConfigContextLoaderUtils - Could not detect default configuration classes for test class [com.lhind.event_booking_api.repository.PaymentRepositoryTest]: PaymentRepositoryTest does not declare any static, non-private, non-final, nested classes annotated with @Configuration.
2026-08-21 03:09:42.245 INFO  [main] org.springframework.boot.test.context.SpringBootTestContextBootstrapper - Found @SpringBootConfiguration com.lhind.event_booking_api.EventBookingApiApplication for test class com.lhind.event_booking_api.repository.PaymentRepositoryTest
2026-08-21 03:09:42.248 INFO  [main] org.springframework.test.context.support.AnnotationConfigContextLoaderUtils - Could not detect default configuration classes for test class [com.lhind.event_booking_api.repository.PaymentRepositoryTest]: PaymentRepositoryTest does not declare any static, non-private, non-final, nested classes annotated with @Configuration.
2026-08-21 03:09:42.258 INFO  [main] org.springframework.boot.test.context.SpringBootTestContextBootstrapper - Found @SpringBootConfiguration com.lhind.event_booking_api.EventBookingApiApplication for test class com.lhind.event_booking_api.repository.PaymentRepositoryTest
2026-08-21 03:09:42.414 INFO  [main] org.springframework.test.context.support.AnnotationConfigContextLoaderUtils - Could not detect default configuration classes for test class [com.lhind.event_booking_api.repository.ReviewRepositoryTest]: ReviewRepositoryTest does not declare any static, non-private, non-final, nested classes annotated with @Configuration.
2026-08-21 03:09:42.436 INFO  [main] org.springframework.boot.test.context.SpringBootTestContextBootstrapper - Found @SpringBootConfiguration com.lhind.event_booking_api.EventBookingApiApplication for test class com.lhind.event_booking_api.repository.ReviewRepositoryTest
2026-08-21 03:09:42.436 INFO  [main] org.springframework.test.context.support.AnnotationConfigContextLoaderUtils - Could not detect default configuration classes for test class [com.lhind.event_booking_api.repository.ReviewRepositoryTest]: ReviewRepositoryTest does not declare any static, non-private, non-final, nested classes annotated with @Configuration.
2026-08-21 03:09:42.446 INFO  [main] org.springframework.boot.test.context.SpringBootTestContextBootstrapper - Found @SpringBootConfiguration com.lhind.event_booking_api.EventBookingApiApplication for test class com.lhind.event_booking_api.repository.ReviewRepositoryTest
2026-08-21 03:09:42.651 INFO  [main] org.springframework.test.context.support.AnnotationConfigContextLoaderUtils - Could not detect default configuration classes for test class [com.lhind.event_booking_api.repository.SeatRepositoryTest]: SeatRepositoryTest does not declare any static, non-private, non-final, nested classes annotated with @Configuration.
2026-08-21 03:09:42.667 INFO  [main] org.springframework.boot.test.context.SpringBootTestContextBootstrapper - Found @SpringBootConfiguration com.lhind.event_booking_api.EventBookingApiApplication for test class com.lhind.event_booking_api.repository.SeatRepositoryTest
2026-08-21 03:09:42.667 INFO  [main] org.springframework.test.context.support.AnnotationConfigContextLoaderUtils - Could not detect default configuration classes for test class [com.lhind.event_booking_api.repository.SeatRepositoryTest]: SeatRepositoryTest does not declare any static, non-private, non-final, nested classes annotated with @Configuration.
2026-08-21 03:09:42.679 INFO  [main] org.springframework.boot.test.context.SpringBootTestContextBootstrapper - Found @SpringBootConfiguration com.lhind.event_booking_api.EventBookingApiApplication for test class com.lhind.event_booking_api.repository.SeatRepositoryTest
2026-08-21 03:09:42.826 INFO  [main] org.springframework.test.context.support.AnnotationConfigContextLoaderUtils - Could not detect default configuration classes for test class [com.lhind.event_booking_api.repository.UserRepositoryTest]: UserRepositoryTest does not declare any static, non-private, non-final, nested classes annotated with @Configuration.
2026-08-21 03:09:42.833 INFO  [main] org.springframework.boot.test.context.SpringBootTestContextBootstrapper - Found @SpringBootConfiguration com.lhind.event_booking_api.EventBookingApiApplication for test class com.lhind.event_booking_api.repository.UserRepositoryTest
2026-08-21 03:09:42.842 INFO  [main] org.springframework.test.context.support.AnnotationConfigContextLoaderUtils - Could not detect default configuration classes for test class [com.lhind.event_booking_api.repository.UserRepositoryTest]: UserRepositoryTest does not declare any static, non-private, non-final, nested classes annotated with @Configuration.
2026-08-21 03:09:42.852 INFO  [main] org.springframework.boot.test.context.SpringBootTestContextBootstrapper - Found @SpringBootConfiguration com.lhind.event_booking_api.EventBookingApiApplication for test class com.lhind.event_booking_api.repository.UserRepositoryTest
2026-08-21 03:09:42.959 INFO  [main] org.springframework.test.context.support.AnnotationConfigContextLoaderUtils - Could not detect default configuration classes for test class [com.lhind.event_booking_api.repository.VenueRepositoryTest]: VenueRepositoryTest does not declare any static, non-private, non-final, nested classes annotated with @Configuration.
2026-08-21 03:09:42.974 INFO  [main] org.springframework.boot.test.context.SpringBootTestContextBootstrapper - Found @SpringBootConfiguration com.lhind.event_booking_api.EventBookingApiApplication for test class com.lhind.event_booking_api.repository.VenueRepositoryTest
2026-08-21 03:09:42.974 INFO  [main] org.springframework.test.context.support.AnnotationConfigContextLoaderUtils - Could not detect default configuration classes for test class [com.lhind.event_booking_api.repository.VenueRepositoryTest]: VenueRepositoryTest does not declare any static, non-private, non-final, nested classes annotated with @Configuration.
2026-08-21 03:09:42.974 INFO  [main] org.springframework.boot.test.context.SpringBootTestContextBootstrapper - Found @SpringBootConfiguration com.lhind.event_booking_api.EventBookingApiApplication for test class com.lhind.event_booking_api.repository.VenueRepositoryTest
2026-08-21 03:09:43.056 INFO  [main] org.springframework.test.context.support.AnnotationConfigContextLoaderUtils - Could not detect default configuration classes for test class [com.lhind.event_booking_api.repository.WaitlistRepositoryTest]: WaitlistRepositoryTest does not declare any static, non-private, non-final, nested classes annotated with @Configuration.
2026-08-21 03:09:43.068 INFO  [main] org.springframework.boot.test.context.SpringBootTestContextBootstrapper - Found @SpringBootConfiguration com.lhind.event_booking_api.EventBookingApiApplication for test class com.lhind.event_booking_api.repository.WaitlistRepositoryTest
2026-08-21 03:09:43.068 INFO  [main] org.springframework.test.context.support.AnnotationConfigContextLoaderUtils - Could not detect default configuration classes for test class [com.lhind.event_booking_api.repository.WaitlistRepositoryTest]: WaitlistRepositoryTest does not declare any static, non-private, non-final, nested classes annotated with @Configuration.
2026-08-21 03:09:43.081 INFO  [main] org.springframework.boot.test.context.SpringBootTestContextBootstrapper - Found @SpringBootConfiguration com.lhind.event_booking_api.EventBookingApiApplication for test class com.lhind.event_booking_api.repository.WaitlistRepositoryTest
2026-08-21 03:09:43.265 INFO  [main] org.springframework.test.context.support.AnnotationConfigContextLoaderUtils - Could not detect default configuration classes for test class [com.lhind.event_booking_api.security.SecurityConfigTest]: SecurityConfigTest does not declare any static, non-private, non-final, nested classes annotated with @Configuration.
2026-08-21 03:09:43.282 INFO  [main] org.springframework.boot.test.context.SpringBootTestContextBootstrapper - Found @SpringBootConfiguration com.lhind.event_booking_api.EventBookingApiApplication for test class com.lhind.event_booking_api.security.SecurityConfigTest
2026-08-21 03:09:43.282 INFO  [main] org.springframework.test.context.support.AnnotationConfigContextLoaderUtils - Could not detect default configuration classes for test class [com.lhind.event_booking_api.security.SecurityConfigTest]: SecurityConfigTest does not declare any static, non-private, non-final, nested classes annotated with @Configuration.
2026-08-21 03:09:43.286 INFO  [main] org.springframework.boot.test.context.SpringBootTestContextBootstrapper - Found @SpringBootConfiguration com.lhind.event_booking_api.EventBookingApiApplication for test class com.lhind.event_booking_api.security.SecurityConfigTest
2026-08-21 03:09:43.326 INFO  [main] com.lhind.event_booking_api.security.SecurityConfigTest - Starting SecurityConfigTest using Java 17.0.12 with PID 27448 (started by krist in C:\Users\krist\OneDrive\Desktop\event-booking-api)
2026-08-21 03:09:43.326 DEBUG [main] com.lhind.event_booking_api.security.SecurityConfigTest - Running with Spring Boot v4.1.0, Spring v7.0.8
2026-08-21 03:09:43.334 INFO  [main] com.lhind.event_booking_api.security.SecurityConfigTest - The following 1 profile is active: "test"
2026-08-21 03:09:43.620 INFO  [main] org.springframework.data.repository.config.RepositoryConfigurationDelegate - Bootstrapping Spring Data JPA repositories in DEFAULT mode.
2026-08-21 03:09:43.650 INFO  [main] org.springframework.data.repository.config.RepositoryConfigurationDelegate - Finished Spring Data repository scanning in 30 ms. Found 12 JPA repository interfaces.
2026-08-21 03:09:43.783 INFO  [main] org.springframework.orm.jpa.persistenceunit.SpringPersistenceUnitInfo - No LoadTimeWeaver setup: ignoring JPA class transformer
2026-08-21 03:09:44.020 INFO  [main] org.springframework.orm.jpa.LocalContainerEntityManagerFactoryBean - Initialized JPA EntityManagerFactory for persistence unit 'default'
2026-08-21 03:09:44.101 INFO  [main] org.springframework.security.config.annotation.authentication.configuration.InitializeUserDetailsBeanManagerConfigurer$InitializeUserDetailsManagerConfigurer - Global AuthenticationManager configured with UserDetailsService bean with name customUserDetailsService
2026-08-21 03:09:44.431 DEBUG [main] com.lhind.event_booking_api.security.JwtAuthenticationFilter - Filter 'jwtAuthenticationFilter' configured for use
2026-08-21 03:09:44.431 INFO  [main] org.springframework.boot.test.mock.web.SpringBootMockServletContext - Initializing Spring TestDispatcherServlet ''
2026-08-21 03:09:44.431 INFO  [main] org.springframework.test.web.servlet.TestDispatcherServlet - Initializing Servlet ''
2026-08-21 03:09:44.436 INFO  [main] org.springframework.test.web.servlet.TestDispatcherServlet - Completed initialization in 5 ms
2026-08-21 03:09:44.471 INFO  [main] com.lhind.event_booking_api.security.SecurityConfigTest - Started SecurityConfigTest in 1.177 seconds (process running for 26.339)
2026-08-21 03:09:44.471 WARN  [main] org.springdoc.core.events.SpringDocAppInitializer - SpringDoc /v3/api-docs endpoint is enabled by default. To disable it in production, set the property 'springdoc.api-docs.enabled=false'
2026-08-21 03:09:44.471 WARN  [main] org.springdoc.core.events.SpringDocAppInitializer - SpringDoc /swagger-ui.html endpoint is enabled by default. To disable it in production, set the property 'springdoc.swagger-ui.enabled=false'
2026-08-21 03:09:44.697 WARN  [main] org.hibernate.validator.internal.metadata.aggregated.CascadingMetaDataBuilder - HV000271: Using `@Valid` on a container (java.util.List) is deprecated. You should apply the annotation on the type argument(s). Affected element: categories
2026-08-21 03:09:44.773 WARN  [main] org.hibernate.validator.internal.metadata.aggregated.CascadingMetaDataBuilder - HV000271: Using `@Valid` on a container (java.util.List) is deprecated. You should apply the annotation on the type argument(s). Affected element: seats
2026-08-21 03:09:45.194 INFO  [main] com.lhind.event_booking_api.service.AuthServiceImpl - Login requested for email: user@test.com
2026-08-21 03:09:45.194 WARN  [main] com.lhind.event_booking_api.service.AuthServiceImpl - Authenticated user not found with email: user@test.com
2026-08-21 03:09:45.210 INFO  [main] com.lhind.event_booking_api.service.AuthServiceImpl - Login requested for email: user@test.com
2026-08-21 03:09:45.210 INFO  [main] com.lhind.event_booking_api.service.AuthServiceImpl - Login successful for user id: 1
2026-08-21 03:09:45.216 INFO  [main] com.lhind.event_booking_api.service.AuthServiceImpl - Registration requested for email: user@test.com
2026-08-21 03:09:45.220 WARN  [main] com.lhind.event_booking_api.service.AuthServiceImpl - Registration rejected because email already exists: user@test.com
2026-08-21 03:09:45.237 INFO  [main] com.lhind.event_booking_api.service.AuthServiceImpl - Registration requested for email: user@test.com
2026-08-21 03:09:45.237 INFO  [main] com.lhind.event_booking_api.service.AuthServiceImpl - User registered successfully with id: 1
2026-08-21 03:09:45.669 INFO  [main] com.lhind.event_booking_api.service.BookingServiceImpl - Confirm requested for booking id: 1 by user id: 2
2026-08-21 03:09:45.669 DEBUG [main] com.lhind.event_booking_api.service.BookingServiceImpl - Event booking management authorization successful. Event id: 1, user id: 2, admin: false
2026-08-21 03:09:45.669 INFO  [main] com.lhind.event_booking_api.service.BookingServiceImpl - Booking confirmed successfully with id: 1
2026-08-21 03:09:45.676 INFO  [main] com.lhind.event_booking_api.service.BookingServiceImpl - Cancellation requested for booking id: 1 by user id: 99
2026-08-21 03:09:45.676 WARN  [main] com.lhind.event_booking_api.service.BookingServiceImpl - Unauthorized booking access attempt. Booking id: 1, user id: 99
2026-08-21 03:09:45.680 INFO  [main] com.lhind.event_booking_api.service.BookingServiceImpl - Creating booking for user id: 1 and event id: 1
2026-08-21 03:09:45.682 DEBUG [main] com.lhind.event_booking_api.service.BookingServiceImpl - Seat A-1 reserved for event id: 1
2026-08-21 03:09:45.682 INFO  [main] com.lhind.event_booking_api.service.BookingServiceImpl - Booking created successfully with id: 1 for user id: 1
2026-08-21 03:09:45.690 INFO  [main] com.lhind.event_booking_api.service.BookingServiceImpl - Complete requested for booking id: 1 by user id: 2
2026-08-21 03:09:45.690 DEBUG [main] com.lhind.event_booking_api.service.BookingServiceImpl - Event booking management authorization successful. Event id: 1, user id: 2, admin: false
2026-08-21 03:09:45.690 INFO  [main] com.lhind.event_booking_api.service.BookingServiceImpl - Booking completed successfully with id: 1
2026-08-21 03:09:45.694 DEBUG [main] com.lhind.event_booking_api.service.BookingServiceImpl - Fetching bookings for user id: 1
2026-08-21 03:09:45.700 INFO  [main] com.lhind.event_booking_api.service.BookingServiceImpl - Creating booking for user id: 1 and event id: 1
2026-08-21 03:09:45.700 WARN  [main] com.lhind.event_booking_api.service.BookingServiceImpl - Seat not found in venue id: 1. Seat: A-1
2026-08-21 03:09:45.700 INFO  [main] com.lhind.event_booking_api.service.BookingServiceImpl - Cancellation requested for booking id: 1 by user id: 1
2026-08-21 03:09:45.700 DEBUG [main] com.lhind.event_booking_api.service.BookingServiceImpl - Booking ownership validation successful. Booking id: 1, user id: 1, admin: false
2026-08-21 03:09:45.706 INFO  [main] com.lhind.event_booking_api.service.BookingServiceImpl - Booking cancelled successfully with id: 1
2026-08-21 03:09:45.708 INFO  [main] com.lhind.event_booking_api.service.BookingServiceImpl - Confirm requested for booking id: 1 by user id: 99
2026-08-21 03:09:45.708 WARN  [main] com.lhind.event_booking_api.service.BookingServiceImpl - Unauthorized booking management attempt. Event id: 1, user id: 99
2026-08-21 03:09:45.714 DEBUG [main] com.lhind.event_booking_api.service.BookingServiceImpl - Fetching bookings for event id: 1 by user id: 2
2026-08-21 03:09:45.714 DEBUG [main] com.lhind.event_booking_api.service.BookingServiceImpl - Event booking management authorization successful. Event id: 1, user id: 2, admin: false
2026-08-21 03:09:45.714 DEBUG [main] com.lhind.event_booking_api.service.BookingServiceImpl - Fetching booking by id: 1
2026-08-21 03:09:45.714 WARN  [main] com.lhind.event_booking_api.service.BookingServiceImpl - Unauthorized booking access attempt. Booking id: 1, user id: 99
2026-08-21 03:09:45.721 INFO  [main] com.lhind.event_booking_api.service.BookingServiceImpl - Cancellation requested for booking id: 1 by user id: 1
2026-08-21 03:09:45.725 DEBUG [main] com.lhind.event_booking_api.service.BookingServiceImpl - Booking ownership validation successful. Booking id: 1, user id: 1, admin: false
2026-08-21 03:09:45.725 WARN  [main] com.lhind.event_booking_api.service.BookingServiceImpl - Booking id: 1 is already cancelled
2026-08-21 03:09:45.725 INFO  [main] com.lhind.event_booking_api.service.BookingServiceImpl - Creating booking for user id: 1 and event id: 1
2026-08-21 03:09:45.725 WARN  [main] com.lhind.event_booking_api.service.BookingServiceImpl - Seat id: 1 is not assigned to event id: 1
2026-08-21 03:09:45.731 INFO  [main] com.lhind.event_booking_api.service.BookingServiceImpl - Cancellation requested for booking id: 1 by user id: 1
2026-08-21 03:09:45.731 DEBUG [main] com.lhind.event_booking_api.service.BookingServiceImpl - Booking ownership validation successful. Booking id: 1, user id: 1, admin: false
2026-08-21 03:09:45.731 WARN  [main] com.lhind.event_booking_api.service.BookingServiceImpl - Completed booking id: 1 cannot be cancelled
2026-08-21 03:09:45.739 DEBUG [main] com.lhind.event_booking_api.service.BookingServiceImpl - Fetching bookings for user id: 1 with status: PENDING
2026-08-21 03:09:45.739 INFO  [main] com.lhind.event_booking_api.service.BookingServiceImpl - Confirm requested for booking id: 1 by user id: 2
2026-08-21 03:09:45.739 DEBUG [main] com.lhind.event_booking_api.service.BookingServiceImpl - Event booking management authorization successful. Event id: 1, user id: 2, admin: false
2026-08-21 03:09:45.739 WARN  [main] com.lhind.event_booking_api.service.BookingServiceImpl - Booking id: 1 cannot be confirmed because current status is: CONFIRMED
2026-08-21 03:09:45.739 INFO  [main] com.lhind.event_booking_api.service.BookingServiceImpl - Complete requested for booking id: 1 by user id: 2
2026-08-21 03:09:45.739 DEBUG [main] com.lhind.event_booking_api.service.BookingServiceImpl - Event booking management authorization successful. Event id: 1, user id: 2, admin: false
2026-08-21 03:09:45.739 WARN  [main] com.lhind.event_booking_api.service.BookingServiceImpl - Booking id: 1 cannot be completed because current status is: PENDING
2026-08-21 03:09:45.757 INFO  [main] com.lhind.event_booking_api.service.BookingServiceImpl - Creating booking for user id: 1 and event id: 1
2026-08-21 03:09:45.757 WARN  [main] com.lhind.event_booking_api.service.BookingServiceImpl - Booking rejected for event id: 1. Requested seats: 1, available seats: 0
2026-08-21 03:09:45.762 INFO  [main] com.lhind.event_booking_api.service.BookingServiceImpl - Creating booking for user id: 1 and event id: 1
2026-08-21 03:09:45.762 WARN  [main] com.lhind.event_booking_api.service.BookingServiceImpl - Seat A-1 is not available for event id: 1
2026-08-21 03:09:45.764 INFO  [main] com.lhind.event_booking_api.service.BookingServiceImpl - Confirm requested for booking id: 1 by user id: 2
2026-08-21 03:09:45.764 DEBUG [main] com.lhind.event_booking_api.service.BookingServiceImpl - Event booking management authorization successful. Event id: 1, user id: 2, admin: false
2026-08-21 03:09:45.764 WARN  [main] com.lhind.event_booking_api.service.BookingServiceImpl - Booking id: 1 contains event seat id: 1 with invalid status: AVAILABLE
2026-08-21 03:09:45.772 INFO  [main] com.lhind.event_booking_api.service.BookingServiceImpl - Complete requested for booking id: 1 by user id: 99
2026-08-21 03:09:45.772 WARN  [main] com.lhind.event_booking_api.service.BookingServiceImpl - Unauthorized booking management attempt. Event id: 1, user id: 99
2026-08-21 03:09:45.776 INFO  [main] com.lhind.event_booking_api.service.BookingServiceImpl - Creating booking for user id: 1 and event id: 1
2026-08-21 03:09:45.776 WARN  [main] com.lhind.event_booking_api.service.BookingServiceImpl - Duplicate seat detected in booking request: A-1
2026-08-21 03:09:45.776 DEBUG [main] com.lhind.event_booking_api.service.BookingServiceImpl - Fetching bookings for event id: 1 by user id: 99
2026-08-21 03:09:45.776 WARN  [main] com.lhind.event_booking_api.service.BookingServiceImpl - Unauthorized booking management attempt. Event id: 1, user id: 99
2026-08-21 03:09:45.786 DEBUG [main] com.lhind.event_booking_api.service.BookingServiceImpl - Fetching booking by id: 1
2026-08-21 03:09:45.786 DEBUG [main] com.lhind.event_booking_api.service.BookingServiceImpl - Booking ownership validation successful. Booking id: 1, user id: 1, admin: false
2026-08-21 03:09:45.786 INFO  [main] com.lhind.event_booking_api.service.BookingServiceImpl - Cancellation requested for booking id: 1 by user id: 1
2026-08-21 03:09:45.786 DEBUG [main] com.lhind.event_booking_api.service.BookingServiceImpl - Booking ownership validation successful. Booking id: 1, user id: 1, admin: false
2026-08-21 03:09:45.786 INFO  [main] com.lhind.event_booking_api.service.BookingServiceImpl - Booking cancelled successfully with id: 1
2026-08-21 03:09:45.918 DEBUG [main] com.lhind.event_booking_api.service.CategoryServiceImpl - Fetching category by id: 99
2026-08-21 03:09:45.920 WARN  [main] com.lhind.event_booking_api.service.CategoryServiceImpl - Category not found with id: 99
2026-08-21 03:09:45.920 INFO  [main] com.lhind.event_booking_api.service.CategoryServiceImpl - Creating category with name: Music
2026-08-21 03:09:45.920 INFO  [main] com.lhind.event_booking_api.service.CategoryServiceImpl - Category created successfully with id: 1 and name: Music
2026-08-21 03:09:45.925 INFO  [main] com.lhind.event_booking_api.service.CategoryServiceImpl - Update requested for category id: 99
2026-08-21 03:09:45.925 WARN  [main] com.lhind.event_booking_api.service.CategoryServiceImpl - Category not found with id: 99
2026-08-21 03:09:45.928 DEBUG [main] com.lhind.event_booking_api.service.CategoryServiceImpl - Fetching category by id: 1
2026-08-21 03:09:45.930 INFO  [main] com.lhind.event_booking_api.service.CategoryServiceImpl - Update requested for category id: 1
2026-08-21 03:09:45.930 INFO  [main] com.lhind.event_booking_api.service.CategoryServiceImpl - Category updated successfully with id: 1
2026-08-21 03:09:45.936 INFO  [main] com.lhind.event_booking_api.service.CategoryServiceImpl - Update requested for category id: 1
2026-08-21 03:09:45.936 WARN  [main] com.lhind.event_booking_api.service.CategoryServiceImpl - Category update rejected. Category name already exists: Sport
2026-08-21 03:09:45.940 INFO  [main] com.lhind.event_booking_api.service.CategoryServiceImpl - Delete requested for category id: 99
2026-08-21 03:09:45.940 WARN  [main] com.lhind.event_booking_api.service.CategoryServiceImpl - Category not found with id: 99
2026-08-21 03:09:45.943 DEBUG [main] com.lhind.event_booking_api.service.CategoryServiceImpl - Fetching all categories
2026-08-21 03:09:45.947 INFO  [main] com.lhind.event_booking_api.service.CategoryServiceImpl - Delete requested for category id: 1
2026-08-21 03:09:45.947 INFO  [main] com.lhind.event_booking_api.service.CategoryServiceImpl - Category deleted successfully with id: 1
2026-08-21 03:09:45.951 INFO  [main] com.lhind.event_booking_api.service.CategoryServiceImpl - Creating category with name: Music
2026-08-21 03:09:45.951 WARN  [main] com.lhind.event_booking_api.service.CategoryServiceImpl - Category creation rejected because category already exists with name: Music
2026-08-21 03:09:46.012 DEBUG [main] com.lhind.event_booking_api.service.EventSeatServiceImpl - Fetching event seat by id: 1
2026-08-21 03:09:46.015 INFO  [main] com.lhind.event_booking_api.service.EventSeatServiceImpl - Price update requested for event seat id: 1 by user id: 99
2026-08-21 03:09:46.018 WARN  [main] com.lhind.event_booking_api.service.EventSeatServiceImpl - Unauthorized event seat modification attempt. Event id: 1, user id: 99
2026-08-21 03:09:46.020 INFO  [main] com.lhind.event_booking_api.service.EventSeatServiceImpl - Price update requested for event seat id: 1 by user id: 1
2026-08-21 03:09:46.022 DEBUG [main] com.lhind.event_booking_api.service.EventSeatServiceImpl - Event seat ownership validation successful. Event id: 1, user id: 1, admin: false
2026-08-21 03:09:46.022 INFO  [main] com.lhind.event_booking_api.service.EventSeatServiceImpl - Event seat price updated successfully. Event seat id: 1, new price: 35.00
2026-08-21 03:09:46.024 INFO  [main] com.lhind.event_booking_api.service.EventSeatServiceImpl - Delete requested for event seat id: 1 by user id: 1
2026-08-21 03:09:46.024 DEBUG [main] com.lhind.event_booking_api.service.EventSeatServiceImpl - Event seat ownership validation successful. Event id: 1, user id: 1, admin: false
2026-08-21 03:09:46.024 INFO  [main] com.lhind.event_booking_api.service.EventSeatServiceImpl - Event seat deleted successfully with id: 1
2026-08-21 03:09:46.032 INFO  [main] com.lhind.event_booking_api.service.EventSeatServiceImpl - Creating event seat for event id: 1 by user id: 99
2026-08-21 03:09:46.032 WARN  [main] com.lhind.event_booking_api.service.EventSeatServiceImpl - Unauthorized event seat modification attempt. Event id: 1, user id: 99
2026-08-21 03:09:46.035 DEBUG [main] com.lhind.event_booking_api.service.EventSeatServiceImpl - Fetching seats for event id: 1
2026-08-21 03:09:46.040 INFO  [main] com.lhind.event_booking_api.service.EventSeatServiceImpl - Creating event seat for event id: 1 by user id: 1
2026-08-21 03:09:46.040 DEBUG [main] com.lhind.event_booking_api.service.EventSeatServiceImpl - Event seat ownership validation successful. Event id: 1, user id: 1, admin: false
2026-08-21 03:09:46.040 WARN  [main] com.lhind.event_booking_api.service.EventSeatServiceImpl - Seat not found in venue id: 1. Seat: A-1
2026-08-21 03:09:46.046 INFO  [main] com.lhind.event_booking_api.service.EventSeatServiceImpl - Creating event seat for event id: 1 by user id: 1
2026-08-21 03:09:46.046 DEBUG [main] com.lhind.event_booking_api.service.EventSeatServiceImpl - Event seat ownership validation successful. Event id: 1, user id: 1, admin: false
2026-08-21 03:09:46.046 INFO  [main] com.lhind.event_booking_api.service.EventSeatServiceImpl - Event seat created successfully with id: null for event id: 1
2026-08-21 03:09:46.046 INFO  [main] com.lhind.event_booking_api.service.EventSeatServiceImpl - Creating event seat for event id: 1 by user id: 1
2026-08-21 03:09:46.046 DEBUG [main] com.lhind.event_booking_api.service.EventSeatServiceImpl - Event seat ownership validation successful. Event id: 1, user id: 1, admin: false
2026-08-21 03:09:46.046 WARN  [main] com.lhind.event_booking_api.service.EventSeatServiceImpl - Duplicate event seat assignment. Event id: 1, seat id: 1
2026-08-21 03:09:46.046 DEBUG [main] com.lhind.event_booking_api.service.EventSeatServiceImpl - Fetching seats for event id: 1 with status: AVAILABLE
2026-08-21 03:09:46.058 INFO  [main] com.lhind.event_booking_api.service.EventSeatServiceImpl - Delete requested for event seat id: 1 by user id: 1
2026-08-21 03:09:46.058 DEBUG [main] com.lhind.event_booking_api.service.EventSeatServiceImpl - Event seat ownership validation successful. Event id: 1, user id: 1, admin: false
2026-08-21 03:09:46.058 WARN  [main] com.lhind.event_booking_api.service.EventSeatServiceImpl - Event seat id: 1 cannot be deleted because current status is: RESERVED
2026-08-21 03:09:46.061 INFO  [main] com.lhind.event_booking_api.service.EventSeatServiceImpl - Price update requested for event seat id: 1 by user id: 1
2026-08-21 03:09:46.061 DEBUG [main] com.lhind.event_booking_api.service.EventSeatServiceImpl - Event seat ownership validation successful. Event id: 1, user id: 1, admin: false
2026-08-21 03:09:46.061 WARN  [main] com.lhind.event_booking_api.service.EventSeatServiceImpl - Invalid price update for event seat id: 1. Requested price: 0
2026-08-21 03:09:46.061 INFO  [main] com.lhind.event_booking_api.service.EventSeatServiceImpl - Delete requested for event seat id: 1 by user id: 50
2026-08-21 03:09:46.061 DEBUG [main] com.lhind.event_booking_api.service.EventSeatServiceImpl - Event seat ownership validation successful. Event id: 1, user id: 50, admin: true
2026-08-21 03:09:46.061 INFO  [main] com.lhind.event_booking_api.service.EventSeatServiceImpl - Event seat deleted successfully with id: 1
2026-08-21 03:09:46.061 DEBUG [main] com.lhind.event_booking_api.service.EventSeatServiceImpl - Fetching event seat by id: 99
2026-08-21 03:09:46.061 WARN  [main] com.lhind.event_booking_api.service.EventSeatServiceImpl - Event seat not found with id: 99
2026-08-21 03:09:46.201 DEBUG [main] com.lhind.event_booking_api.service.EventServiceImpl - Fetching events by status: PUBLISHED
2026-08-21 03:09:46.203 DEBUG [main] com.lhind.event_booking_api.service.EventServiceImpl - Fetching event by id: 1
2026-08-21 03:09:46.207 INFO  [main] com.lhind.event_booking_api.service.EventServiceImpl - Update requested for event id: 1 by user id: 1
2026-08-21 03:09:46.209 DEBUG [main] com.lhind.event_booking_api.service.EventServiceImpl - Event ownership validation successful. Event id: 1, user id: 1, admin: false
2026-08-21 03:09:46.211 DEBUG [main] com.lhind.event_booking_api.service.EventServiceImpl - Validating event status transition for event id: 1 from PUBLISHED to PUBLISHED
2026-08-21 03:09:46.211 INFO  [main] com.lhind.event_booking_api.service.EventServiceImpl - Event updated successfully with id: 1
2026-08-21 03:09:46.216 INFO  [main] com.lhind.event_booking_api.service.EventServiceImpl - Delete requested for event id: 1 by user id: 1
2026-08-21 03:09:46.216 DEBUG [main] com.lhind.event_booking_api.service.EventServiceImpl - Event ownership validation successful. Event id: 1, user id: 1, admin: false
2026-08-21 03:09:46.216 INFO  [main] com.lhind.event_booking_api.service.EventServiceImpl - Event deleted successfully with id: 1
2026-08-21 03:09:46.219 INFO  [main] com.lhind.event_booking_api.service.EventServiceImpl - Update requested for event id: 1 by user id: 99
2026-08-21 03:09:46.219 WARN  [main] com.lhind.event_booking_api.service.EventServiceImpl - Unauthorized event modification attempt. Event id: 1, user id: 99
2026-08-21 03:09:46.219 INFO  [main] com.lhind.event_booking_api.service.EventServiceImpl - Creating event 'Music Event' by organizer id: 1
2026-08-21 03:09:46.219 WARN  [main] com.lhind.event_booking_api.service.EventServiceImpl - Event capacity validation failed. Requested seats: 150, venue capacity: 100, venue id: 1
2026-08-21 03:09:46.233 INFO  [main] com.lhind.event_booking_api.service.EventServiceImpl - Creating event 'Music Event' by organizer id: 1
2026-08-21 03:09:46.233 WARN  [main] com.lhind.event_booking_api.service.EventServiceImpl - Invalid event dates. Start: 2026-08-26T03:09:46.233278500, End: 2026-08-26T02:09:46.233278500
2026-08-21 03:09:46.240 INFO  [main] com.lhind.event_booking_api.service.EventServiceImpl - Update requested for event id: 1 by user id: 1
2026-08-21 03:09:46.240 DEBUG [main] com.lhind.event_booking_api.service.EventServiceImpl - Event ownership validation successful. Event id: 1, user id: 1, admin: false
2026-08-21 03:09:46.240 DEBUG [main] com.lhind.event_booking_api.service.EventServiceImpl - Validating event status transition for event id: 1 from DRAFT to PUBLISHED
2026-08-21 03:09:46.240 INFO  [main] com.lhind.event_booking_api.service.EventServiceImpl - Event updated successfully with id: 1
2026-08-21 03:09:46.247 INFO  [main] com.lhind.event_booking_api.service.EventServiceImpl - Delete requested for event id: 1 by user id: 99
2026-08-21 03:09:46.247 WARN  [main] com.lhind.event_booking_api.service.EventServiceImpl - Unauthorized event modification attempt. Event id: 1, user id: 99
2026-08-21 03:09:46.255 INFO  [main] com.lhind.event_booking_api.service.EventServiceImpl - Update requested for event id: 1 by user id: 1
2026-08-21 03:09:46.255 DEBUG [main] com.lhind.event_booking_api.service.EventServiceImpl - Event ownership validation successful. Event id: 1, user id: 1, admin: false
2026-08-21 03:09:46.255 DEBUG [main] com.lhind.event_booking_api.service.EventServiceImpl - Validating event status transition for event id: 1 from COMPLETED to PUBLISHED
2026-08-21 03:09:46.255 WARN  [main] com.lhind.event_booking_api.service.EventServiceImpl - Invalid status transition for completed event id: 1
2026-08-21 03:09:46.261 DEBUG [main] com.lhind.event_booking_api.service.EventServiceImpl - Fetching events by category id: 1
2026-08-21 03:09:46.263 INFO  [main] com.lhind.event_booking_api.service.EventServiceImpl - Creating event 'Music Event' by organizer id: 1
2026-08-21 03:09:46.263 INFO  [main] com.lhind.event_booking_api.service.EventServiceImpl - Event created successfully with id: 1
2026-08-21 03:09:46.270 DEBUG [main] com.lhind.event_booking_api.service.EventServiceImpl - Fetching all events
2026-08-21 03:09:46.274 INFO  [main] com.lhind.event_booking_api.service.EventServiceImpl - Delete requested for event id: 1 by user id: 1
2026-08-21 03:09:46.274 DEBUG [main] com.lhind.event_booking_api.service.EventServiceImpl - Event ownership validation successful. Event id: 1, user id: 1, admin: false
2026-08-21 03:09:46.274 WARN  [main] com.lhind.event_booking_api.service.EventServiceImpl - Event deletion rejected. Event id: 1, status: PUBLISHED
2026-08-21 03:09:46.276 DEBUG [main] com.lhind.event_booking_api.service.EventServiceImpl - Fetching events for organizer id: 1
2026-08-21 03:09:46.279 DEBUG [main] com.lhind.event_booking_api.service.EventServiceImpl - Fetching event by id: 99
2026-08-21 03:09:46.282 WARN  [main] com.lhind.event_booking_api.service.EventServiceImpl - Event not found with id: 99
2026-08-21 03:09:46.284 DEBUG [main] com.lhind.event_booking_api.service.EventServiceImpl - Fetching events by venue id: 1
2026-08-21 03:09:46.407 INFO  [main] com.lhind.event_booking_api.service.NotificationServiceImpl - 2 notifications marked as READ for user id: 1
2026-08-21 03:09:46.418 INFO  [main] com.lhind.event_booking_api.service.NotificationServiceImpl - Creating notification of type: BOOKING_CONFIRMED for user id: 1
2026-08-21 03:09:46.421 INFO  [main] com.lhind.event_booking_api.service.NotificationServiceImpl - Notification created successfully with id: null for user id: 1
2026-08-21 03:09:46.423 INFO  [main] com.lhind.event_booking_api.service.NotificationServiceImpl - Notification id: 100 marked as READ by user id: 1
2026-08-21 03:09:46.439 DEBUG [main] com.lhind.event_booking_api.service.NotificationServiceImpl - Fetching notifications for user id: 1
2026-08-21 03:09:46.441 DEBUG [main] com.lhind.event_booking_api.service.NotificationServiceImpl - Fetching unread notifications for user id: 1
2026-08-21 03:09:46.587 INFO  [main] com.lhind.event_booking_api.service.PaymentServiceImpl - Payment creation requested for booking id: 1
2026-08-21 03:09:46.587 WARN  [main] com.lhind.event_booking_api.service.PaymentServiceImpl - Payment creation rejected because booking id: 1 is cancelled
2026-08-21 03:09:46.593 INFO  [main] com.lhind.event_booking_api.service.PaymentServiceImpl - Payment creation requested for booking id: 1
2026-08-21 03:09:46.597 WARN  [main] com.lhind.event_booking_api.service.PaymentServiceImpl - Payment creation rejected because payment already exists for booking id: 1
2026-08-21 03:09:46.608 INFO  [main] com.lhind.event_booking_api.service.PaymentServiceImpl - Payment completion requested for payment id: 1 by user id: 1
2026-08-21 03:09:46.608 INFO  [main] com.lhind.event_booking_api.service.PaymentServiceImpl - Payment completed successfully with id: 1
2026-08-21 03:09:46.610 INFO  [main] com.lhind.event_booking_api.service.PaymentServiceImpl - Payment refund requested for payment id: 1 by user id: 1
2026-08-21 03:09:46.610 WARN  [main] com.lhind.event_booking_api.service.PaymentServiceImpl - Payment id: 1 cannot be refunded because current status is: PENDING
2026-08-21 03:09:46.618 INFO  [main] com.lhind.event_booking_api.service.PaymentServiceImpl - Payment refund requested for payment id: 1 by user id: 1
2026-08-21 03:09:46.618 INFO  [main] com.lhind.event_booking_api.service.PaymentServiceImpl - Payment refunded successfully with id: 1
2026-08-21 03:09:46.627 INFO  [main] com.lhind.event_booking_api.service.PaymentServiceImpl - Payment creation requested for booking id: 1
2026-08-21 03:09:46.627 WARN  [main] com.lhind.event_booking_api.service.PaymentServiceImpl - Unauthorized payment creation attempt. Booking id: 1, user id: 2
2026-08-21 03:09:46.634 INFO  [main] com.lhind.event_booking_api.service.PaymentServiceImpl - Payment completion requested for payment id: 1 by user id: 1
2026-08-21 03:09:46.637 WARN  [main] com.lhind.event_booking_api.service.PaymentServiceImpl - Payment id: 1 is already completed
2026-08-21 03:09:46.641 INFO  [main] com.lhind.event_booking_api.service.PaymentServiceImpl - Payment creation requested for booking id: 1
2026-08-21 03:09:46.644 INFO  [main] com.lhind.event_booking_api.service.PaymentServiceImpl - Payment created successfully with id: 1 for booking id: 1
2026-08-21 03:09:46.779 INFO  [main] com.lhind.event_booking_api.service.ReviewServiceImpl - Delete requested for review id: 1 by user id: 1
2026-08-21 03:09:46.779 DEBUG [main] com.lhind.event_booking_api.service.ReviewServiceImpl - Review ownership validation successful. Review id: 1, user id: 1, admin: false
2026-08-21 03:09:46.779 INFO  [main] com.lhind.event_booking_api.service.ReviewServiceImpl - Review deleted successfully with id: 1
2026-08-21 03:09:46.784 INFO  [main] com.lhind.event_booking_api.service.ReviewServiceImpl - Creating review for user id: 1 and event id: 1
2026-08-21 03:09:46.784 WARN  [main] com.lhind.event_booking_api.service.ReviewServiceImpl - Review creation rejected. Event id: 1 has not ended yet
2026-08-21 03:09:46.790 INFO  [main] com.lhind.event_booking_api.service.ReviewServiceImpl - Creating review for user id: 1 and event id: 1
2026-08-21 03:09:46.790 WARN  [main] com.lhind.event_booking_api.service.ReviewServiceImpl - Review creation rejected. User id: 1 has no completed booking for event id: 1
2026-08-21 03:09:46.794 INFO  [main] com.lhind.event_booking_api.service.ReviewServiceImpl - Creating review for user id: 1 and event id: 1
2026-08-21 03:09:46.794 INFO  [main] com.lhind.event_booking_api.service.ReviewServiceImpl - Review created successfully with id: 1
2026-08-21 03:09:46.800 DEBUG [main] com.lhind.event_booking_api.service.ReviewServiceImpl - Fetching reviews for event id: 1
2026-08-21 03:09:46.805 INFO  [main] com.lhind.event_booking_api.service.ReviewServiceImpl - Update requested for review id: 1 by user id: 1
2026-08-21 03:09:46.805 DEBUG [main] com.lhind.event_booking_api.service.ReviewServiceImpl - Review ownership validation successful. Review id: 1, user id: 1, admin: false
2026-08-21 03:09:46.805 INFO  [main] com.lhind.event_booking_api.service.ReviewServiceImpl - Review updated successfully with id: 1
2026-08-21 03:09:46.810 DEBUG [main] com.lhind.event_booking_api.service.ReviewServiceImpl - Fetching review by id: 99
2026-08-21 03:09:46.810 WARN  [main] com.lhind.event_booking_api.service.ReviewServiceImpl - Review not found with id: 99
2026-08-21 03:09:46.816 DEBUG [main] com.lhind.event_booking_api.service.ReviewServiceImpl - Fetching reviews for event id: 99
2026-08-21 03:09:46.818 WARN  [main] com.lhind.event_booking_api.service.ReviewServiceImpl - Event not found with id: 99
2026-08-21 03:09:46.822 INFO  [main] com.lhind.event_booking_api.service.ReviewServiceImpl - Creating review for user id: 1 and event id: 1
2026-08-21 03:09:46.822 WARN  [main] com.lhind.event_booking_api.service.ReviewServiceImpl - Duplicate review attempt. User id: 1, event id: 1
2026-08-21 03:09:46.826 DEBUG [main] com.lhind.event_booking_api.service.ReviewServiceImpl - Fetching review by id: 1
2026-08-21 03:09:46.830 DEBUG [main] com.lhind.event_booking_api.service.ReviewServiceImpl - Fetching reviews for user id: 1
2026-08-21 03:09:46.836 INFO  [main] com.lhind.event_booking_api.service.ReviewServiceImpl - Delete requested for review id: 1 by user id: 50
2026-08-21 03:09:46.836 DEBUG [main] com.lhind.event_booking_api.service.ReviewServiceImpl - Review ownership validation successful. Review id: 1, user id: 50, admin: true
2026-08-21 03:09:46.836 INFO  [main] com.lhind.event_booking_api.service.ReviewServiceImpl - Review deleted successfully with id: 1
2026-08-21 03:09:46.840 INFO  [main] com.lhind.event_booking_api.service.ReviewServiceImpl - Update requested for review id: 1 by user id: 1
2026-08-21 03:09:46.840 DEBUG [main] com.lhind.event_booking_api.service.ReviewServiceImpl - Review ownership validation successful. Review id: 1, user id: 1, admin: false
2026-08-21 03:09:46.840 WARN  [main] com.lhind.event_booking_api.service.ReviewServiceImpl - Review id: 1 cannot be moved from event id: 1 to event id: 2
2026-08-21 03:09:46.846 INFO  [main] com.lhind.event_booking_api.service.ReviewServiceImpl - Update requested for review id: 1 by user id: 99
2026-08-21 03:09:46.846 WARN  [main] com.lhind.event_booking_api.service.ReviewServiceImpl - Unauthorized review modification attempt. Review id: 1, user id: 99
2026-08-21 03:09:46.852 INFO  [main] com.lhind.event_booking_api.service.ReviewServiceImpl - Delete requested for review id: 1 by user id: 99
2026-08-21 03:09:46.852 WARN  [main] com.lhind.event_booking_api.service.ReviewServiceImpl - Unauthorized review modification attempt. Review id: 1, user id: 99
2026-08-21 03:09:46.929 DEBUG [main] com.lhind.event_booking_api.service.SeatServiceImpl - Fetching seats for venue id: 1
2026-08-21 03:09:46.933 INFO  [main] com.lhind.event_booking_api.service.SeatServiceImpl - Update requested for seat id: 1
2026-08-21 03:09:46.933 INFO  [main] com.lhind.event_booking_api.service.SeatServiceImpl - Seat updated successfully with id: 1
2026-08-21 03:09:46.938 INFO  [main] com.lhind.event_booking_api.service.SeatServiceImpl - Update requested for seat id: 1
2026-08-21 03:09:46.938 WARN  [main] com.lhind.event_booking_api.service.SeatServiceImpl - Seat update rejected. Seat A-2 already exists in venue id: 1
2026-08-21 03:09:46.943 DEBUG [main] com.lhind.event_booking_api.service.SeatServiceImpl - Fetching seats for venue id: 99
2026-08-21 03:09:46.943 WARN  [main] com.lhind.event_booking_api.service.SeatServiceImpl - Venue not found with id: 99 while fetching seats
2026-08-21 03:09:46.949 INFO  [main] com.lhind.event_booking_api.service.SeatServiceImpl - Creating seat A-1 for venue id: 1
2026-08-21 03:09:46.949 INFO  [main] com.lhind.event_booking_api.service.SeatServiceImpl - Seat created successfully with id: 1
2026-08-21 03:09:46.952 DEBUG [main] com.lhind.event_booking_api.service.SeatServiceImpl - Fetching seat by id: 99
2026-08-21 03:09:46.952 WARN  [main] com.lhind.event_booking_api.service.SeatServiceImpl - Seat not found with id: 99
2026-08-21 03:09:46.958 INFO  [main] com.lhind.event_booking_api.service.SeatServiceImpl - Creating seat A-1 for venue id: 1
2026-08-21 03:09:46.958 WARN  [main] com.lhind.event_booking_api.service.SeatServiceImpl - Seat creation rejected. Seat A-1 already exists in venue id: 1
2026-08-21 03:09:46.962 DEBUG [main] com.lhind.event_booking_api.service.SeatServiceImpl - Fetching seat by id: 1
2026-08-21 03:09:46.968 WARN  [main] com.lhind.event_booking_api.service.SeatServiceImpl - Venue not found with name 'Tirana Arena' and city 'Tirana'
2026-08-21 03:09:46.970 INFO  [main] com.lhind.event_booking_api.service.SeatServiceImpl - Delete requested for seat id: 1
2026-08-21 03:09:46.972 INFO  [main] com.lhind.event_booking_api.service.SeatServiceImpl - Seat deleted successfully with id: 1
2026-08-21 03:09:46.974 DEBUG [main] com.lhind.event_booking_api.service.SeatServiceImpl - Fetching all seats
2026-08-21 03:09:46.978 INFO  [main] com.lhind.event_booking_api.service.SeatServiceImpl - Delete requested for seat id: 99
2026-08-21 03:09:46.978 WARN  [main] com.lhind.event_booking_api.service.SeatServiceImpl - Seat not found with id: 99
2026-08-21 03:09:46.990 INFO  [main] com.lhind.event_booking_api.service.UserServiceImpl - Password change requested for user id: 1
2026-08-21 03:09:46.990 WARN  [main] com.lhind.event_booking_api.service.UserServiceImpl - Password change rejected for user id: 1 because new password matches current password
2026-08-21 03:09:46.992 INFO  [main] com.lhind.event_booking_api.service.UserServiceImpl - Delete requested for user id: 1
2026-08-21 03:09:46.994 INFO  [main] com.lhind.event_booking_api.service.UserServiceImpl - User deleted successfully with id: 1
2026-08-21 03:09:46.996 INFO  [main] com.lhind.event_booking_api.service.UserServiceImpl - Delete requested for user id: 99
2026-08-21 03:09:46.998 WARN  [main] com.lhind.event_booking_api.service.UserServiceImpl - User not found with id: 99
2026-08-21 03:09:47.004 INFO  [main] com.lhind.event_booking_api.service.UserServiceImpl - Profile update requested for user id: 1
2026-08-21 03:09:47.004 INFO  [main] com.lhind.event_booking_api.service.UserServiceImpl - User profile updated successfully with id: 1
2026-08-21 03:09:47.008 DEBUG [main] com.lhind.event_booking_api.service.UserServiceImpl - Fetching current user with id: 1
2026-08-21 03:09:47.012 INFO  [main] com.lhind.event_booking_api.service.UserServiceImpl - Role update requested for user id: 1. New role: ORGANIZER
2026-08-21 03:09:47.012 INFO  [main] com.lhind.event_booking_api.service.UserServiceImpl - User role updated successfully for user id: 1 to role: ORGANIZER
2026-08-21 03:09:47.015 INFO  [main] com.lhind.event_booking_api.service.UserServiceImpl - Profile update requested for user id: 1
2026-08-21 03:09:47.017 WARN  [main] com.lhind.event_booking_api.service.UserServiceImpl - Profile update rejected for user id: 1 because email already exists: existing@test.com
2026-08-21 03:09:47.021 INFO  [main] com.lhind.event_booking_api.service.UserServiceImpl - Password change requested for user id: 1
2026-08-21 03:09:47.021 INFO  [main] com.lhind.event_booking_api.service.UserServiceImpl - Password changed successfully for user id: 1
2026-08-21 03:09:47.023 DEBUG [main] com.lhind.event_booking_api.service.UserServiceImpl - Fetching user by id: 1
2026-08-21 03:09:47.028 DEBUG [main] com.lhind.event_booking_api.service.UserServiceImpl - Fetching all users
2026-08-21 03:09:47.031 DEBUG [main] com.lhind.event_booking_api.service.UserServiceImpl - Fetching user by id: 99
2026-08-21 03:09:47.031 WARN  [main] com.lhind.event_booking_api.service.UserServiceImpl - User not found with id: 99
2026-08-21 03:09:47.035 INFO  [main] com.lhind.event_booking_api.service.UserServiceImpl - Password change requested for user id: 1
2026-08-21 03:09:47.035 WARN  [main] com.lhind.event_booking_api.service.UserServiceImpl - Password change rejected for user id: 1 because current password is incorrect
2026-08-21 03:09:47.039 INFO  [main] com.lhind.event_booking_api.service.UserServiceImpl - Password change requested for user id: 1
2026-08-21 03:09:47.039 WARN  [main] com.lhind.event_booking_api.service.UserServiceImpl - Password change rejected for user id: 1 because confirmation does not match
2026-08-21 03:09:47.111 INFO  [main] com.lhind.event_booking_api.service.VenueServiceImpl - Creating venue with name: Tirana Arena in city: Tirana
2026-08-21 03:09:47.111 INFO  [main] com.lhind.event_booking_api.service.VenueServiceImpl - Venue created successfully with id: 1
2026-08-21 03:09:47.115 DEBUG [main] com.lhind.event_booking_api.service.VenueServiceImpl - Fetching venue by id: 99
2026-08-21 03:09:47.115 WARN  [main] com.lhind.event_booking_api.service.VenueServiceImpl - Venue not found with id: 99
2026-08-21 03:09:47.117 INFO  [main] com.lhind.event_booking_api.service.VenueServiceImpl - Update requested for venue id: 99
2026-08-21 03:09:47.117 WARN  [main] com.lhind.event_booking_api.service.VenueServiceImpl - Venue not found with id: 99
2026-08-21 03:09:47.121 INFO  [main] com.lhind.event_booking_api.service.VenueServiceImpl - Delete requested for venue id: 99
2026-08-21 03:09:47.121 WARN  [main] com.lhind.event_booking_api.service.VenueServiceImpl - Venue not found with id: 99
2026-08-21 03:09:47.130 INFO  [main] com.lhind.event_booking_api.service.VenueServiceImpl - Update requested for venue id: 1
2026-08-21 03:09:47.130 INFO  [main] com.lhind.event_booking_api.service.VenueServiceImpl - Venue updated successfully with id: 1
2026-08-21 03:09:47.132 DEBUG [main] com.lhind.event_booking_api.service.VenueServiceImpl - Fetching venue by id: 1
2026-08-21 03:09:47.136 INFO  [main] com.lhind.event_booking_api.service.VenueServiceImpl - Delete requested for venue id: 1
2026-08-21 03:09:47.136 INFO  [main] com.lhind.event_booking_api.service.VenueServiceImpl - Venue deleted successfully with id: 1
2026-08-21 03:09:47.137 DEBUG [main] com.lhind.event_booking_api.service.VenueServiceImpl - Fetching all venues
2026-08-21 03:09:47.342 INFO  [SpringApplicationShutdownHook] org.springframework.orm.jpa.LocalContainerEntityManagerFactoryBean - Closing JPA EntityManagerFactory for persistence unit 'default'
2026-08-21 03:09:47.363 INFO  [SpringApplicationShutdownHook] org.springframework.orm.jpa.LocalContainerEntityManagerFactoryBean - Closing JPA EntityManagerFactory for persistence unit 'default'
2026-08-21 03:09:47.365 INFO  [SpringApplicationShutdownHook] org.springframework.orm.jpa.LocalContainerEntityManagerFactoryBean - Closing JPA EntityManagerFactory for persistence unit 'default'
2026-08-21 03:10:59.667 INFO  [main] com.lhind.event_booking_api.controller.NotificationControllerTest - Starting NotificationControllerTest using Java 17.0.12 with PID 14552 (started by krist in C:\Users\krist\OneDrive\Desktop\event-booking-api)
2026-08-21 03:10:59.680 DEBUG [main] com.lhind.event_booking_api.controller.NotificationControllerTest - Running with Spring Boot v4.1.0, Spring v7.0.8
2026-08-21 03:10:59.682 INFO  [main] com.lhind.event_booking_api.controller.NotificationControllerTest - The following 1 profile is active: "dev"
2026-08-21 03:11:01.527 WARN  [main] org.springframework.boot.security.autoconfigure.UserDetailsServiceAutoConfiguration - 

Using generated security password: 2959b95b-f937-4edf-8750-a087fb2c7667

This generated password is for development use only. Your security configuration must be updated before running your application in production.

2026-08-21 03:11:01.553 INFO  [main] org.springframework.boot.test.mock.web.SpringBootMockServletContext - Initializing Spring TestDispatcherServlet ''
2026-08-21 03:11:01.553 INFO  [main] org.springframework.test.web.servlet.TestDispatcherServlet - Initializing Servlet ''
2026-08-21 03:11:01.561 INFO  [main] org.springframework.test.web.servlet.TestDispatcherServlet - Completed initialization in 0 ms
2026-08-21 03:11:01.664 WARN  [main] org.springframework.security.config.annotation.authentication.configuration.InitializeUserDetailsBeanManagerConfigurer$InitializeUserDetailsManagerConfigurer - Found 2 UserDetailsService beans, with names [inMemoryUserDetailsManager, com.lhind.event_booking_api.security.CustomUserDetailsService#0]. Global Authentication Manager will not use a UserDetailsService for username/password login. Consider publishing a single UserDetailsService bean.
2026-08-21 03:11:01.944 INFO  [main] com.lhind.event_booking_api.controller.NotificationControllerTest - Started NotificationControllerTest in 2.921 seconds (process running for 11.087)
2026-08-21 03:11:02.127 INFO  [main] org.springframework.test.context.support.AnnotationConfigContextLoaderUtils - Could not detect default configuration classes for test class [com.lhind.event_booking_api.controller.PaymentControllerTest]: PaymentControllerTest does not declare any static, non-private, non-final, nested classes annotated with @Configuration.
2026-08-21 03:11:02.136 INFO  [main] org.springframework.boot.test.context.SpringBootTestContextBootstrapper - Found @SpringBootConfiguration com.lhind.event_booking_api.EventBookingApiApplication for test class com.lhind.event_booking_api.controller.PaymentControllerTest
2026-08-21 03:11:02.138 INFO  [main] org.springframework.test.context.support.AnnotationConfigContextLoaderUtils - Could not detect default configuration classes for test class [com.lhind.event_booking_api.controller.PaymentControllerTest]: PaymentControllerTest does not declare any static, non-private, non-final, nested classes annotated with @Configuration.
2026-08-21 03:11:02.150 INFO  [main] org.springframework.boot.test.context.SpringBootTestContextBootstrapper - Found @SpringBootConfiguration com.lhind.event_booking_api.EventBookingApiApplication for test class com.lhind.event_booking_api.controller.PaymentControllerTest
2026-08-21 03:11:02.215 INFO  [main] com.lhind.event_booking_api.controller.PaymentControllerTest - Starting PaymentControllerTest using Java 17.0.12 with PID 14552 (started by krist in C:\Users\krist\OneDrive\Desktop\event-booking-api)
2026-08-21 03:11:02.215 DEBUG [main] com.lhind.event_booking_api.controller.PaymentControllerTest - Running with Spring Boot v4.1.0, Spring v7.0.8
2026-08-21 03:11:02.215 INFO  [main] com.lhind.event_booking_api.controller.PaymentControllerTest - The following 1 profile is active: "dev"
2026-08-21 03:11:02.744 WARN  [main] org.springframework.boot.security.autoconfigure.UserDetailsServiceAutoConfiguration - 

Using generated security password: eead00d9-7eda-44c3-a3b2-21afc3a39c04

This generated password is for development use only. Your security configuration must be updated before running your application in production.

2026-08-21 03:11:02.749 INFO  [main] org.springframework.boot.test.mock.web.SpringBootMockServletContext - Initializing Spring TestDispatcherServlet ''
2026-08-21 03:11:02.749 INFO  [main] org.springframework.test.web.servlet.TestDispatcherServlet - Initializing Servlet ''
2026-08-21 03:11:02.749 INFO  [main] org.springframework.test.web.servlet.TestDispatcherServlet - Completed initialization in 0 ms
2026-08-21 03:11:02.774 WARN  [main] org.springframework.security.config.annotation.authentication.configuration.InitializeUserDetailsBeanManagerConfigurer$InitializeUserDetailsManagerConfigurer - Found 2 UserDetailsService beans, with names [inMemoryUserDetailsManager, com.lhind.event_booking_api.security.CustomUserDetailsService#0]. Global Authentication Manager will not use a UserDetailsService for username/password login. Consider publishing a single UserDetailsService bean.
2026-08-21 03:11:02.828 INFO  [main] com.lhind.event_booking_api.controller.PaymentControllerTest - Started PaymentControllerTest in 0.671 seconds (process running for 11.977)
2026-08-21 03:11:02.990 INFO  [main] org.springframework.mock.web.MockServletContext - Initializing Spring TestDispatcherServlet ''
2026-08-21 03:11:02.990 INFO  [main] org.springframework.test.web.servlet.TestDispatcherServlet - Initializing Servlet ''
2026-08-21 03:11:02.990 INFO  [main] org.springframework.test.web.servlet.TestDispatcherServlet - Completed initialization in 0 ms
2026-08-21 03:11:03.010 INFO  [main] org.springframework.mock.web.MockServletContext - Initializing Spring TestDispatcherServlet ''
2026-08-21 03:11:03.010 INFO  [main] org.springframework.test.web.servlet.TestDispatcherServlet - Initializing Servlet ''
2026-08-21 03:11:03.010 INFO  [main] org.springframework.test.web.servlet.TestDispatcherServlet - Completed initialization in 0 ms
2026-08-21 03:11:03.024 WARN  [main] org.springframework.web.servlet.mvc.support.DefaultHandlerExceptionResolver - Resolved [org.springframework.web.bind.MethodArgumentNotValidException: Validation failed for argument [0] in public org.springframework.http.ResponseEntity<com.lhind.event_booking_api.dto.review.ReviewResponse> com.lhind.event_booking_api.controller.ReviewController.createReview(com.lhind.event_booking_api.dto.review.ReviewRequest) with 2 errors: [Field error in object 'reviewRequest' on field 'eventId': rejected value [null]; codes [NotNull.reviewRequest.eventId,NotNull.eventId,NotNull.java.lang.Long,NotNull]; arguments [org.springframework.context.support.DefaultMessageSourceResolvable: codes [reviewRequest.eventId,eventId]; arguments []; default message [eventId]]; default message [Event id is required]] [Field error in object 'reviewRequest' on field 'ratingReview': rejected value [null]; codes [NotNull.reviewRequest.ratingReview,NotNull.ratingReview,NotNull.java.lang.Integer,NotNull]; arguments [org.springframework.context.support.DefaultMessageSourceResolvable: codes [reviewRequest.ratingReview,ratingReview]; arguments []; default message [ratingReview]]; default message [Rating is required]] ]
2026-08-21 03:11:03.035 INFO  [main] org.springframework.mock.web.MockServletContext - Initializing Spring TestDispatcherServlet ''
2026-08-21 03:11:03.035 INFO  [main] org.springframework.test.web.servlet.TestDispatcherServlet - Initializing Servlet ''
2026-08-21 03:11:03.035 INFO  [main] org.springframework.test.web.servlet.TestDispatcherServlet - Completed initialization in 0 ms
2026-08-21 03:11:03.049 INFO  [main] org.springframework.mock.web.MockServletContext - Initializing Spring TestDispatcherServlet ''
2026-08-21 03:11:03.049 INFO  [main] org.springframework.test.web.servlet.TestDispatcherServlet - Initializing Servlet ''
2026-08-21 03:11:03.049 INFO  [main] org.springframework.test.web.servlet.TestDispatcherServlet - Completed initialization in 0 ms
2026-08-21 03:11:03.053 WARN  [main] org.springframework.web.servlet.mvc.support.DefaultHandlerExceptionResolver - Resolved [org.springframework.web.bind.MethodArgumentNotValidException: Validation failed for argument [1] in public org.springframework.http.ResponseEntity<com.lhind.event_booking_api.dto.review.ReviewResponse> com.lhind.event_booking_api.controller.ReviewController.updateReview(java.lang.Long,com.lhind.event_booking_api.dto.review.ReviewRequest) with 2 errors: [Field error in object 'reviewRequest' on field 'eventId': rejected value [null]; codes [NotNull.reviewRequest.eventId,NotNull.eventId,NotNull.java.lang.Long,NotNull]; arguments [org.springframework.context.support.DefaultMessageSourceResolvable: codes [reviewRequest.eventId,eventId]; arguments []; default message [eventId]]; default message [Event id is required]] [Field error in object 'reviewRequest' on field 'ratingReview': rejected value [null]; codes [NotNull.reviewRequest.ratingReview,NotNull.ratingReview,NotNull.java.lang.Integer,NotNull]; arguments [org.springframework.context.support.DefaultMessageSourceResolvable: codes [reviewRequest.ratingReview,ratingReview]; arguments []; default message [ratingReview]]; default message [Rating is required]] ]
2026-08-21 03:11:03.070 INFO  [main] org.springframework.mock.web.MockServletContext - Initializing Spring TestDispatcherServlet ''
2026-08-21 03:11:03.070 INFO  [main] org.springframework.test.web.servlet.TestDispatcherServlet - Initializing Servlet ''
2026-08-21 03:11:03.070 INFO  [main] org.springframework.test.web.servlet.TestDispatcherServlet - Completed initialization in 0 ms
2026-08-21 03:11:03.083 INFO  [main] org.springframework.mock.web.MockServletContext - Initializing Spring TestDispatcherServlet ''
2026-08-21 03:11:03.083 INFO  [main] org.springframework.test.web.servlet.TestDispatcherServlet - Initializing Servlet ''
2026-08-21 03:11:03.083 INFO  [main] org.springframework.test.web.servlet.TestDispatcherServlet - Completed initialization in 0 ms
2026-08-21 03:11:03.095 INFO  [main] org.springframework.mock.web.MockServletContext - Initializing Spring TestDispatcherServlet ''
2026-08-21 03:11:03.095 INFO  [main] org.springframework.test.web.servlet.TestDispatcherServlet - Initializing Servlet ''
2026-08-21 03:11:03.095 INFO  [main] org.springframework.test.web.servlet.TestDispatcherServlet - Completed initialization in 0 ms
2026-08-21 03:11:03.116 INFO  [main] org.springframework.mock.web.MockServletContext - Initializing Spring TestDispatcherServlet ''
2026-08-21 03:11:03.116 INFO  [main] org.springframework.test.web.servlet.TestDispatcherServlet - Initializing Servlet ''
2026-08-21 03:11:03.116 INFO  [main] org.springframework.test.web.servlet.TestDispatcherServlet - Completed initialization in 0 ms
2026-08-21 03:11:03.188 INFO  [main] org.springframework.mock.web.MockServletContext - Initializing Spring TestDispatcherServlet ''
2026-08-21 03:11:03.192 INFO  [main] org.springframework.test.web.servlet.TestDispatcherServlet - Initializing Servlet ''
2026-08-21 03:11:03.192 INFO  [main] org.springframework.test.web.servlet.TestDispatcherServlet - Completed initialization in 0 ms
2026-08-21 03:11:03.208 INFO  [main] org.springframework.mock.web.MockServletContext - Initializing Spring TestDispatcherServlet ''
2026-08-21 03:11:03.208 INFO  [main] org.springframework.test.web.servlet.TestDispatcherServlet - Initializing Servlet ''
2026-08-21 03:11:03.208 INFO  [main] org.springframework.test.web.servlet.TestDispatcherServlet - Completed initialization in 0 ms
2026-08-21 03:11:03.223 INFO  [main] org.springframework.mock.web.MockServletContext - Initializing Spring TestDispatcherServlet ''
2026-08-21 03:11:03.223 INFO  [main] org.springframework.test.web.servlet.TestDispatcherServlet - Initializing Servlet ''
2026-08-21 03:11:03.223 INFO  [main] org.springframework.test.web.servlet.TestDispatcherServlet - Completed initialization in 0 ms
2026-08-21 03:11:03.250 INFO  [main] org.springframework.mock.web.MockServletContext - Initializing Spring TestDispatcherServlet ''
2026-08-21 03:11:03.253 INFO  [main] org.springframework.test.web.servlet.TestDispatcherServlet - Initializing Servlet ''
2026-08-21 03:11:03.253 INFO  [main] org.springframework.test.web.servlet.TestDispatcherServlet - Completed initialization in 0 ms
2026-08-21 03:11:03.256 WARN  [main] org.springframework.web.servlet.mvc.support.DefaultHandlerExceptionResolver - Resolved [org.springframework.web.bind.MethodArgumentNotValidException: Validation failed for argument [0] in public org.springframework.http.ResponseEntity<com.lhind.event_booking_api.dto.seat.SeatResponse> com.lhind.event_booking_api.controller.SeatController.createSeat(com.lhind.event_booking_api.dto.seat.SeatRequest) with 3 errors: [Field error in object 'seatRequest' on field 'seatNumber': rejected value [null]; codes [NotNull.seatRequest.seatNumber,NotNull.seatNumber,NotNull.java.lang.Integer,NotNull]; arguments [org.springframework.context.support.DefaultMessageSourceResolvable: codes [seatRequest.seatNumber,seatNumber]; arguments []; default message [seatNumber]]; default message [Seat number is required]] [Field error in object 'seatRequest' on field 'rowNumber': rejected value [null]; codes [NotBlank.seatRequest.rowNumber,NotBlank.rowNumber,NotBlank.java.lang.String,NotBlank]; arguments [org.springframework.context.support.DefaultMessageSourceResolvable: codes [seatRequest.rowNumber,rowNumber]; arguments []; default message [rowNumber]]; default message [Row number is required]] [Field error in object 'seatRequest' on field 'venue': rejected value [null]; codes [NotNull.seatRequest.venue,NotNull.venue,NotNull.com.lhind.event_booking_api.dto.reference.VenueReferenceRequest,NotNull]; arguments [org.springframework.context.support.DefaultMessageSourceResolvable: codes [seatRequest.venue,venue]; arguments []; default message [venue]]; default message [Venue is required]] ]
2026-08-21 03:11:03.268 INFO  [main] org.springframework.mock.web.MockServletContext - Initializing Spring TestDispatcherServlet ''
2026-08-21 03:11:03.268 INFO  [main] org.springframework.test.web.servlet.TestDispatcherServlet - Initializing Servlet ''
2026-08-21 03:11:03.270 INFO  [main] org.springframework.test.web.servlet.TestDispatcherServlet - Completed initialization in 2 ms
2026-08-21 03:11:03.284 INFO  [main] org.springframework.mock.web.MockServletContext - Initializing Spring TestDispatcherServlet ''
2026-08-21 03:11:03.284 INFO  [main] org.springframework.test.web.servlet.TestDispatcherServlet - Initializing Servlet ''
2026-08-21 03:11:03.284 INFO  [main] org.springframework.test.web.servlet.TestDispatcherServlet - Completed initialization in 0 ms
2026-08-21 03:11:03.296 INFO  [main] org.springframework.mock.web.MockServletContext - Initializing Spring TestDispatcherServlet ''
2026-08-21 03:11:03.296 INFO  [main] org.springframework.test.web.servlet.TestDispatcherServlet - Initializing Servlet ''
2026-08-21 03:11:03.296 INFO  [main] org.springframework.test.web.servlet.TestDispatcherServlet - Completed initialization in 0 ms
2026-08-21 03:11:03.302 WARN  [main] org.springframework.web.servlet.mvc.support.DefaultHandlerExceptionResolver - Resolved [org.springframework.web.bind.MethodArgumentNotValidException: Validation failed for argument [1] in public org.springframework.http.ResponseEntity<com.lhind.event_booking_api.dto.seat.SeatResponse> com.lhind.event_booking_api.controller.SeatController.updateSeat(java.lang.Long,com.lhind.event_booking_api.dto.seat.SeatRequest) with 3 errors: [Field error in object 'seatRequest' on field 'seatNumber': rejected value [null]; codes [NotNull.seatRequest.seatNumber,NotNull.seatNumber,NotNull.java.lang.Integer,NotNull]; arguments [org.springframework.context.support.DefaultMessageSourceResolvable: codes [seatRequest.seatNumber,seatNumber]; arguments []; default message [seatNumber]]; default message [Seat number is required]] [Field error in object 'seatRequest' on field 'venue': rejected value [null]; codes [NotNull.seatRequest.venue,NotNull.venue,NotNull.com.lhind.event_booking_api.dto.reference.VenueReferenceRequest,NotNull]; arguments [org.springframework.context.support.DefaultMessageSourceResolvable: codes [seatRequest.venue,venue]; arguments []; default message [venue]]; default message [Venue is required]] [Field error in object 'seatRequest' on field 'rowNumber': rejected value [null]; codes [NotBlank.seatRequest.rowNumber,NotBlank.rowNumber,NotBlank.java.lang.String,NotBlank]; arguments [org.springframework.context.support.DefaultMessageSourceResolvable: codes [seatRequest.rowNumber,rowNumber]; arguments []; default message [rowNumber]]; default message [Row number is required]] ]
2026-08-21 03:11:03.308 INFO  [main] org.springframework.mock.web.MockServletContext - Initializing Spring TestDispatcherServlet ''
2026-08-21 03:11:03.308 INFO  [main] org.springframework.test.web.servlet.TestDispatcherServlet - Initializing Servlet ''
2026-08-21 03:11:03.308 INFO  [main] org.springframework.test.web.servlet.TestDispatcherServlet - Completed initialization in 0 ms
2026-08-21 03:11:03.388 INFO  [main] org.springframework.mock.web.MockServletContext - Initializing Spring TestDispatcherServlet ''
2026-08-21 03:11:03.388 INFO  [main] org.springframework.test.web.servlet.TestDispatcherServlet - Initializing Servlet ''
2026-08-21 03:11:03.388 INFO  [main] org.springframework.test.web.servlet.TestDispatcherServlet - Completed initialization in 0 ms
2026-08-21 03:11:03.409 INFO  [main] org.springframework.mock.web.MockServletContext - Initializing Spring TestDispatcherServlet ''
2026-08-21 03:11:03.411 INFO  [main] org.springframework.test.web.servlet.TestDispatcherServlet - Initializing Servlet ''
2026-08-21 03:11:03.411 INFO  [main] org.springframework.test.web.servlet.TestDispatcherServlet - Completed initialization in 0 ms
2026-08-21 03:11:03.432 INFO  [main] org.springframework.mock.web.MockServletContext - Initializing Spring TestDispatcherServlet ''
2026-08-21 03:11:03.432 INFO  [main] org.springframework.test.web.servlet.TestDispatcherServlet - Initializing Servlet ''
2026-08-21 03:11:03.432 INFO  [main] org.springframework.test.web.servlet.TestDispatcherServlet - Completed initialization in 0 ms
2026-08-21 03:11:03.449 INFO  [main] org.springframework.mock.web.MockServletContext - Initializing Spring TestDispatcherServlet ''
2026-08-21 03:11:03.449 INFO  [main] org.springframework.test.web.servlet.TestDispatcherServlet - Initializing Servlet ''
2026-08-21 03:11:03.449 INFO  [main] org.springframework.test.web.servlet.TestDispatcherServlet - Completed initialization in 0 ms
2026-08-21 03:11:03.453 WARN  [main] org.springframework.web.servlet.mvc.support.DefaultHandlerExceptionResolver - Resolved [org.springframework.web.bind.MethodArgumentNotValidException: Validation failed for argument [1] in public org.springframework.http.ResponseEntity<com.lhind.event_booking_api.dto.user.UserResponse> com.lhind.event_booking_api.controller.UserController.updateUserRole(java.lang.Long,com.lhind.event_booking_api.dto.user.RoleUpdateRequest): [Field error in object 'roleUpdateRequest' on field 'role': rejected value [null]; codes [NotNull.roleUpdateRequest.role,NotNull.role,NotNull.com.lhind.event_booking_api.entity.Role,NotNull]; arguments [org.springframework.context.support.DefaultMessageSourceResolvable: codes [roleUpdateRequest.role,role]; arguments []; default message [role]]; default message [Role is required]] ]
2026-08-21 03:11:03.465 INFO  [main] org.springframework.mock.web.MockServletContext - Initializing Spring TestDispatcherServlet ''
2026-08-21 03:11:03.465 INFO  [main] org.springframework.test.web.servlet.TestDispatcherServlet - Initializing Servlet ''
2026-08-21 03:11:03.465 INFO  [main] org.springframework.test.web.servlet.TestDispatcherServlet - Completed initialization in 0 ms
2026-08-21 03:11:03.481 INFO  [main] org.springframework.mock.web.MockServletContext - Initializing Spring TestDispatcherServlet ''
2026-08-21 03:11:03.481 INFO  [main] org.springframework.test.web.servlet.TestDispatcherServlet - Initializing Servlet ''
2026-08-21 03:11:03.481 INFO  [main] org.springframework.test.web.servlet.TestDispatcherServlet - Completed initialization in 0 ms
2026-08-21 03:11:03.494 WARN  [main] org.springframework.web.servlet.mvc.support.DefaultHandlerExceptionResolver - Resolved [org.springframework.web.bind.MethodArgumentNotValidException: Validation failed for argument [0] in public org.springframework.http.ResponseEntity<java.lang.Void> com.lhind.event_booking_api.controller.UserController.changePassword(com.lhind.event_booking_api.dto.user.ChangePasswordRequest) with 4 errors: [Field error in object 'changePasswordRequest' on field 'newPassword': rejected value []; codes [NotBlank.changePasswordRequest.newPassword,NotBlank.newPassword,NotBlank.java.lang.String,NotBlank]; arguments [org.springframework.context.support.DefaultMessageSourceResolvable: codes [changePasswordRequest.newPassword,newPassword]; arguments []; default message [newPassword]]; default message [New password is required]] [Field error in object 'changePasswordRequest' on field 'currentPassword': rejected value []; codes [NotBlank.changePasswordRequest.currentPassword,NotBlank.currentPassword,NotBlank.java.lang.String,NotBlank]; arguments [org.springframework.context.support.DefaultMessageSourceResolvable: codes [changePasswordRequest.currentPassword,currentPassword]; arguments []; default message [currentPassword]]; default message [Current password is required]] [Field error in object 'changePasswordRequest' on field 'confirmPassword': rejected value []; codes [NotBlank.changePasswordRequest.confirmPassword,NotBlank.confirmPassword,NotBlank.java.lang.String,NotBlank]; arguments [org.springframework.context.support.DefaultMessageSourceResolvable: codes [changePasswordRequest.confirmPassword,confirmPassword]; arguments []; default message [confirmPassword]]; default message [Password confirmation is required]] [Field error in object 'changePasswordRequest' on field 'newPassword': rejected value []; codes [Size.changePasswordRequest.newPassword,Size.newPassword,Size.java.lang.String,Size]; arguments [org.springframework.context.support.DefaultMessageSourceResolvable: codes [changePasswordRequest.newPassword,newPassword]; arguments []; default message [newPassword],100,8]; default message [New password must be between 8 and 100 characters]] ]
2026-08-21 03:11:03.506 INFO  [main] org.springframework.mock.web.MockServletContext - Initializing Spring TestDispatcherServlet ''
2026-08-21 03:11:03.506 INFO  [main] org.springframework.test.web.servlet.TestDispatcherServlet - Initializing Servlet ''
2026-08-21 03:11:03.506 INFO  [main] org.springframework.test.web.servlet.TestDispatcherServlet - Completed initialization in 0 ms
2026-08-21 03:11:03.514 INFO  [main] org.springframework.mock.web.MockServletContext - Initializing Spring TestDispatcherServlet ''
2026-08-21 03:11:03.514 INFO  [main] org.springframework.test.web.servlet.TestDispatcherServlet - Initializing Servlet ''
2026-08-21 03:11:03.522 INFO  [main] org.springframework.test.web.servlet.TestDispatcherServlet - Completed initialization in 8 ms
2026-08-21 03:11:03.530 INFO  [main] org.springframework.mock.web.MockServletContext - Initializing Spring TestDispatcherServlet ''
2026-08-21 03:11:03.530 INFO  [main] org.springframework.test.web.servlet.TestDispatcherServlet - Initializing Servlet ''
2026-08-21 03:11:03.530 INFO  [main] org.springframework.test.web.servlet.TestDispatcherServlet - Completed initialization in 0 ms
2026-08-21 03:11:03.543 WARN  [main] org.springframework.web.servlet.mvc.support.DefaultHandlerExceptionResolver - Resolved [org.springframework.web.bind.MethodArgumentNotValidException: Validation failed for argument [0] in public org.springframework.http.ResponseEntity<com.lhind.event_booking_api.dto.user.UserResponse> com.lhind.event_booking_api.controller.UserController.updateCurrentUser(com.lhind.event_booking_api.dto.user.UserUpdateRequest) with 5 errors: [Field error in object 'userUpdateRequest' on field 'lastName': rejected value []; codes [NotBlank.userUpdateRequest.lastName,NotBlank.lastName,NotBlank.java.lang.String,NotBlank]; arguments [org.springframework.context.support.DefaultMessageSourceResolvable: codes [userUpdateRequest.lastName,lastName]; arguments []; default message [lastName]]; default message [Last name is required]] [Field error in object 'userUpdateRequest' on field 'firstName': rejected value []; codes [Size.userUpdateRequest.firstName,Size.firstName,Size.java.lang.String,Size]; arguments [org.springframework.context.support.DefaultMessageSourceResolvable: codes [userUpdateRequest.firstName,firstName]; arguments []; default message [firstName],50,2]; default message [First name must be between 2 and 50 characters]] [Field error in object 'userUpdateRequest' on field 'lastName': rejected value []; codes [Size.userUpdateRequest.lastName,Size.lastName,Size.java.lang.String,Size]; arguments [org.springframework.context.support.DefaultMessageSourceResolvable: codes [userUpdateRequest.lastName,lastName]; arguments []; default message [lastName],50,2]; default message [Last name must be between 2 and 50 characters]] [Field error in object 'userUpdateRequest' on field 'email': rejected value [invalid-email]; codes [Email.userUpdateRequest.email,Email.email,Email.java.lang.String,Email]; arguments [org.springframework.context.support.DefaultMessageSourceResolvable: codes [userUpdateRequest.email,email]; arguments []; default message [email],[Ljakarta.validation.constraints.Pattern$Flag;@42edde25,.*]; default message [Email format is invalid]] [Field error in object 'userUpdateRequest' on field 'firstName': rejected value []; codes [NotBlank.userUpdateRequest.firstName,NotBlank.firstName,NotBlank.java.lang.String,NotBlank]; arguments [org.springframework.context.support.DefaultMessageSourceResolvable: codes [userUpdateRequest.firstName,firstName]; arguments []; default message [firstName]]; default message [First name is required]] ]
2026-08-21 03:11:03.555 INFO  [main] org.springframework.mock.web.MockServletContext - Initializing Spring TestDispatcherServlet ''
2026-08-21 03:11:03.556 INFO  [main] org.springframework.test.web.servlet.TestDispatcherServlet - Initializing Servlet ''
2026-08-21 03:11:03.556 INFO  [main] org.springframework.test.web.servlet.TestDispatcherServlet - Completed initialization in 0 ms
2026-08-21 03:11:03.630 INFO  [main] org.springframework.mock.web.MockServletContext - Initializing Spring TestDispatcherServlet ''
2026-08-21 03:11:03.630 INFO  [main] org.springframework.test.web.servlet.TestDispatcherServlet - Initializing Servlet ''
2026-08-21 03:11:03.630 INFO  [main] org.springframework.test.web.servlet.TestDispatcherServlet - Completed initialization in 0 ms
2026-08-21 03:11:03.643 INFO  [main] org.springframework.mock.web.MockServletContext - Initializing Spring TestDispatcherServlet ''
2026-08-21 03:11:03.643 INFO  [main] org.springframework.test.web.servlet.TestDispatcherServlet - Initializing Servlet ''
2026-08-21 03:11:03.643 INFO  [main] org.springframework.test.web.servlet.TestDispatcherServlet - Completed initialization in 0 ms
2026-08-21 03:11:03.661 INFO  [main] org.springframework.mock.web.MockServletContext - Initializing Spring TestDispatcherServlet ''
2026-08-21 03:11:03.661 INFO  [main] org.springframework.test.web.servlet.TestDispatcherServlet - Initializing Servlet ''
2026-08-21 03:11:03.661 INFO  [main] org.springframework.test.web.servlet.TestDispatcherServlet - Completed initialization in 0 ms
2026-08-21 03:11:03.671 WARN  [main] org.springframework.web.servlet.mvc.support.DefaultHandlerExceptionResolver - Resolved [org.springframework.web.bind.MethodArgumentNotValidException: Validation failed for argument [0] in public org.springframework.http.ResponseEntity<com.lhind.event_booking_api.dto.venue.VenueResponse> com.lhind.event_booking_api.controller.VenueController.createVenue(com.lhind.event_booking_api.dto.venue.VenueRequest) with 4 errors: [Field error in object 'venueRequest' on field 'venueCity': rejected value [null]; codes [NotBlank.venueRequest.venueCity,NotBlank.venueCity,NotBlank.java.lang.String,NotBlank]; arguments [org.springframework.context.support.DefaultMessageSourceResolvable: codes [venueRequest.venueCity,venueCity]; arguments []; default message [venueCity]]; default message [Venue city is required]] [Field error in object 'venueRequest' on field 'venueName': rejected value [null]; codes [NotBlank.venueRequest.venueName,NotBlank.venueName,NotBlank.java.lang.String,NotBlank]; arguments [org.springframework.context.support.DefaultMessageSourceResolvable: codes [venueRequest.venueName,venueName]; arguments []; default message [venueName]]; default message [Venue name is required]] [Field error in object 'venueRequest' on field 'venueCapacity': rejected value [null]; codes [NotNull.venueRequest.venueCapacity,NotNull.venueCapacity,NotNull.java.lang.Integer,NotNull]; arguments [org.springframework.context.support.DefaultMessageSourceResolvable: codes [venueRequest.venueCapacity,venueCapacity]; arguments []; default message [venueCapacity]]; default message [Venue capacity is required]] [Field error in object 'venueRequest' on field 'venueAddress': rejected value [null]; codes [NotBlank.venueRequest.venueAddress,NotBlank.venueAddress,NotBlank.java.lang.String,NotBlank]; arguments [org.springframework.context.support.DefaultMessageSourceResolvable: codes [venueRequest.venueAddress,venueAddress]; arguments []; default message [venueAddress]]; default message [Venue address is required]] ]
2026-08-21 03:11:03.685 INFO  [main] org.springframework.mock.web.MockServletContext - Initializing Spring TestDispatcherServlet ''
2026-08-21 03:11:03.685 INFO  [main] org.springframework.test.web.servlet.TestDispatcherServlet - Initializing Servlet ''
2026-08-21 03:11:03.685 INFO  [main] org.springframework.test.web.servlet.TestDispatcherServlet - Completed initialization in 0 ms
2026-08-21 03:11:03.704 INFO  [main] org.springframework.mock.web.MockServletContext - Initializing Spring TestDispatcherServlet ''
2026-08-21 03:11:03.704 INFO  [main] org.springframework.test.web.servlet.TestDispatcherServlet - Initializing Servlet ''
2026-08-21 03:11:03.706 INFO  [main] org.springframework.test.web.servlet.TestDispatcherServlet - Completed initialization in 2 ms
2026-08-21 03:11:03.710 WARN  [main] org.springframework.web.servlet.mvc.support.DefaultHandlerExceptionResolver - Resolved [org.springframework.web.bind.MethodArgumentNotValidException: Validation failed for argument [1] in public org.springframework.http.ResponseEntity<com.lhind.event_booking_api.dto.venue.VenueResponse> com.lhind.event_booking_api.controller.VenueController.updateVenue(java.lang.Long,com.lhind.event_booking_api.dto.venue.VenueRequest) with 4 errors: [Field error in object 'venueRequest' on field 'venueName': rejected value [null]; codes [NotBlank.venueRequest.venueName,NotBlank.venueName,NotBlank.java.lang.String,NotBlank]; arguments [org.springframework.context.support.DefaultMessageSourceResolvable: codes [venueRequest.venueName,venueName]; arguments []; default message [venueName]]; default message [Venue name is required]] [Field error in object 'venueRequest' on field 'venueCapacity': rejected value [null]; codes [NotNull.venueRequest.venueCapacity,NotNull.venueCapacity,NotNull.java.lang.Integer,NotNull]; arguments [org.springframework.context.support.DefaultMessageSourceResolvable: codes [venueRequest.venueCapacity,venueCapacity]; arguments []; default message [venueCapacity]]; default message [Venue capacity is required]] [Field error in object 'venueRequest' on field 'venueAddress': rejected value [null]; codes [NotBlank.venueRequest.venueAddress,NotBlank.venueAddress,NotBlank.java.lang.String,NotBlank]; arguments [org.springframework.context.support.DefaultMessageSourceResolvable: codes [venueRequest.venueAddress,venueAddress]; arguments []; default message [venueAddress]]; default message [Venue address is required]] [Field error in object 'venueRequest' on field 'venueCity': rejected value [null]; codes [NotBlank.venueRequest.venueCity,NotBlank.venueCity,NotBlank.java.lang.String,NotBlank]; arguments [org.springframework.context.support.DefaultMessageSourceResolvable: codes [venueRequest.venueCity,venueCity]; arguments []; default message [venueCity]]; default message [Venue city is required]] ]
2026-08-21 03:11:03.728 INFO  [main] org.springframework.mock.web.MockServletContext - Initializing Spring TestDispatcherServlet ''
2026-08-21 03:11:03.728 INFO  [main] org.springframework.test.web.servlet.TestDispatcherServlet - Initializing Servlet ''
2026-08-21 03:11:03.728 INFO  [main] org.springframework.test.web.servlet.TestDispatcherServlet - Completed initialization in 0 ms
2026-08-21 03:11:03.740 INFO  [main] org.springframework.mock.web.MockServletContext - Initializing Spring TestDispatcherServlet ''
2026-08-21 03:11:03.743 INFO  [main] org.springframework.test.web.servlet.TestDispatcherServlet - Initializing Servlet ''
2026-08-21 03:11:03.743 INFO  [main] org.springframework.test.web.servlet.TestDispatcherServlet - Completed initialization in 0 ms
2026-08-21 03:11:03.756 INFO  [main] org.springframework.test.context.support.AnnotationConfigContextLoaderUtils - Could not detect default configuration classes for test class [com.lhind.event_booking_api.controller.WaitlistControllerTest]: WaitlistControllerTest does not declare any static, non-private, non-final, nested classes annotated with @Configuration.
2026-08-21 03:11:03.775 INFO  [main] org.springframework.boot.test.context.SpringBootTestContextBootstrapper - Found @SpringBootConfiguration com.lhind.event_booking_api.EventBookingApiApplication for test class com.lhind.event_booking_api.controller.WaitlistControllerTest
2026-08-21 03:11:03.777 INFO  [main] org.springframework.test.context.support.AnnotationConfigContextLoaderUtils - Could not detect default configuration classes for test class [com.lhind.event_booking_api.controller.WaitlistControllerTest]: WaitlistControllerTest does not declare any static, non-private, non-final, nested classes annotated with @Configuration.
2026-08-21 03:11:03.787 INFO  [main] org.springframework.boot.test.context.SpringBootTestContextBootstrapper - Found @SpringBootConfiguration com.lhind.event_booking_api.EventBookingApiApplication for test class com.lhind.event_booking_api.controller.WaitlistControllerTest
2026-08-21 03:11:03.841 INFO  [main] com.lhind.event_booking_api.controller.WaitlistControllerTest - Starting WaitlistControllerTest using Java 17.0.12 with PID 14552 (started by krist in C:\Users\krist\OneDrive\Desktop\event-booking-api)
2026-08-21 03:11:03.844 DEBUG [main] com.lhind.event_booking_api.controller.WaitlistControllerTest - Running with Spring Boot v4.1.0, Spring v7.0.8
2026-08-21 03:11:03.844 INFO  [main] com.lhind.event_booking_api.controller.WaitlistControllerTest - The following 1 profile is active: "dev"
2026-08-21 03:11:04.302 WARN  [main] org.springframework.boot.security.autoconfigure.UserDetailsServiceAutoConfiguration - 

Using generated security password: fa2d42a8-7c9c-4f10-9af6-c00acc048f71

This generated password is for development use only. Your security configuration must be updated before running your application in production.

2026-08-21 03:11:04.304 INFO  [main] org.springframework.boot.test.mock.web.SpringBootMockServletContext - Initializing Spring TestDispatcherServlet ''
2026-08-21 03:11:04.304 INFO  [main] org.springframework.test.web.servlet.TestDispatcherServlet - Initializing Servlet ''
2026-08-21 03:11:04.304 INFO  [main] org.springframework.test.web.servlet.TestDispatcherServlet - Completed initialization in 0 ms
2026-08-21 03:11:04.323 WARN  [main] org.springframework.security.config.annotation.authentication.configuration.InitializeUserDetailsBeanManagerConfigurer$InitializeUserDetailsManagerConfigurer - Found 2 UserDetailsService beans, with names [inMemoryUserDetailsManager, com.lhind.event_booking_api.security.CustomUserDetailsService#0]. Global Authentication Manager will not use a UserDetailsService for username/password login. Consider publishing a single UserDetailsService bean.
2026-08-21 03:11:04.380 INFO  [main] com.lhind.event_booking_api.controller.WaitlistControllerTest - Started WaitlistControllerTest in 0.587 seconds (process running for 13.525)
2026-08-21 03:11:04.508 INFO  [main] org.springframework.test.context.support.AnnotationConfigContextLoaderUtils - Could not detect default configuration classes for test class [com.lhind.event_booking_api.EventBookingApiApplicationTests]: EventBookingApiApplicationTests does not declare any static, non-private, non-final, nested classes annotated with @Configuration.
2026-08-21 03:11:04.521 INFO  [main] org.springframework.boot.test.context.SpringBootTestContextBootstrapper - Found @SpringBootConfiguration com.lhind.event_booking_api.EventBookingApiApplication for test class com.lhind.event_booking_api.EventBookingApiApplicationTests
2026-08-21 03:11:04.524 INFO  [main] org.springframework.test.context.support.AnnotationConfigContextLoaderUtils - Could not detect default configuration classes for test class [com.lhind.event_booking_api.EventBookingApiApplicationTests]: EventBookingApiApplicationTests does not declare any static, non-private, non-final, nested classes annotated with @Configuration.
2026-08-21 03:11:04.527 INFO  [main] org.springframework.boot.test.context.SpringBootTestContextBootstrapper - Found @SpringBootConfiguration com.lhind.event_booking_api.EventBookingApiApplication for test class com.lhind.event_booking_api.EventBookingApiApplicationTests
2026-08-21 03:11:04.579 INFO  [main] com.lhind.event_booking_api.EventBookingApiApplicationTests - Starting EventBookingApiApplicationTests using Java 17.0.12 with PID 14552 (started by krist in C:\Users\krist\OneDrive\Desktop\event-booking-api)
2026-08-21 03:11:04.579 DEBUG [main] com.lhind.event_booking_api.EventBookingApiApplicationTests - Running with Spring Boot v4.1.0, Spring v7.0.8
2026-08-21 03:11:04.579 INFO  [main] com.lhind.event_booking_api.EventBookingApiApplicationTests - The following 1 profile is active: "test"
2026-08-21 03:11:05.244 INFO  [main] org.springframework.data.repository.config.RepositoryConfigurationDelegate - Bootstrapping Spring Data JPA repositories in DEFAULT mode.
2026-08-21 03:11:05.386 INFO  [main] org.springframework.data.repository.config.RepositoryConfigurationDelegate - Finished Spring Data repository scanning in 127 ms. Found 12 JPA repository interfaces.
2026-08-21 03:11:06.888 INFO  [main] org.springframework.orm.jpa.persistenceunit.SpringPersistenceUnitInfo - No LoadTimeWeaver setup: ignoring JPA class transformer
2026-08-21 03:11:09.711 INFO  [main] org.springframework.orm.jpa.LocalContainerEntityManagerFactoryBean - Initialized JPA EntityManagerFactory for persistence unit 'default'
2026-08-21 03:11:09.856 INFO  [main] org.springframework.data.jpa.repository.query.QueryEnhancerFactories - Hibernate is in classpath; If applicable, HQL parser will be used.
2026-08-21 03:11:10.359 INFO  [main] org.springframework.security.config.annotation.authentication.configuration.InitializeUserDetailsBeanManagerConfigurer$InitializeUserDetailsManagerConfigurer - Global AuthenticationManager configured with UserDetailsService bean with name customUserDetailsService
2026-08-21 03:11:11.630 INFO  [main] com.lhind.event_booking_api.EventBookingApiApplicationTests - Started EventBookingApiApplicationTests in 7.099 seconds (process running for 20.773)
2026-08-21 03:11:11.638 WARN  [main] org.springdoc.core.events.SpringDocAppInitializer - SpringDoc /v3/api-docs endpoint is enabled by default. To disable it in production, set the property 'springdoc.api-docs.enabled=false'
2026-08-21 03:11:11.653 WARN  [main] org.springdoc.core.events.SpringDocAppInitializer - SpringDoc /swagger-ui.html endpoint is enabled by default. To disable it in production, set the property 'springdoc.swagger-ui.enabled=false'
2026-08-21 03:11:11.677 INFO  [main] org.springframework.test.context.support.AnnotationConfigContextLoaderUtils - Could not detect default configuration classes for test class [com.lhind.event_booking_api.repository.BookingRepositoryTest]: BookingRepositoryTest does not declare any static, non-private, non-final, nested classes annotated with @Configuration.
2026-08-21 03:11:11.714 INFO  [main] org.springframework.boot.test.context.SpringBootTestContextBootstrapper - Found @SpringBootConfiguration com.lhind.event_booking_api.EventBookingApiApplication for test class com.lhind.event_booking_api.repository.BookingRepositoryTest
2026-08-21 03:11:11.716 INFO  [main] org.springframework.test.context.support.AnnotationConfigContextLoaderUtils - Could not detect default configuration classes for test class [com.lhind.event_booking_api.repository.BookingRepositoryTest]: BookingRepositoryTest does not declare any static, non-private, non-final, nested classes annotated with @Configuration.
2026-08-21 03:11:11.727 INFO  [main] org.springframework.boot.test.context.SpringBootTestContextBootstrapper - Found @SpringBootConfiguration com.lhind.event_booking_api.EventBookingApiApplication for test class com.lhind.event_booking_api.repository.BookingRepositoryTest
2026-08-21 03:11:11.781 INFO  [main] com.lhind.event_booking_api.repository.BookingRepositoryTest - Starting BookingRepositoryTest using Java 17.0.12 with PID 14552 (started by krist in C:\Users\krist\OneDrive\Desktop\event-booking-api)
2026-08-21 03:11:11.781 DEBUG [main] com.lhind.event_booking_api.repository.BookingRepositoryTest - Running with Spring Boot v4.1.0, Spring v7.0.8
2026-08-21 03:11:11.781 INFO  [main] com.lhind.event_booking_api.repository.BookingRepositoryTest - The following 1 profile is active: "test"
2026-08-21 03:11:11.954 INFO  [main] org.springframework.data.repository.config.RepositoryConfigurationDelegate - Bootstrapping Spring Data JPA repositories in DEFAULT mode.
2026-08-21 03:11:12.011 INFO  [main] org.springframework.data.repository.config.RepositoryConfigurationDelegate - Finished Spring Data repository scanning in 51 ms. Found 12 JPA repository interfaces.
2026-08-21 03:11:12.114 INFO  [main] org.springframework.orm.jpa.persistenceunit.SpringPersistenceUnitInfo - No LoadTimeWeaver setup: ignoring JPA class transformer
2026-08-21 03:11:12.431 INFO  [main] org.springframework.orm.jpa.LocalContainerEntityManagerFactoryBean - Initialized JPA EntityManagerFactory for persistence unit 'default'
2026-08-21 03:11:12.631 INFO  [main] com.lhind.event_booking_api.repository.BookingRepositoryTest - Started BookingRepositoryTest in 0.899 seconds (process running for 21.775)
2026-08-21 03:11:13.889 INFO  [main] org.springframework.test.context.support.AnnotationConfigContextLoaderUtils - Could not detect default configuration classes for test class [com.lhind.event_booking_api.repository.CategoryRepositoryTest]: CategoryRepositoryTest does not declare any static, non-private, non-final, nested classes annotated with @Configuration.
2026-08-21 03:11:13.923 INFO  [main] org.springframework.boot.test.context.SpringBootTestContextBootstrapper - Found @SpringBootConfiguration com.lhind.event_booking_api.EventBookingApiApplication for test class com.lhind.event_booking_api.repository.CategoryRepositoryTest
2026-08-21 03:11:13.923 INFO  [main] org.springframework.test.context.support.AnnotationConfigContextLoaderUtils - Could not detect default configuration classes for test class [com.lhind.event_booking_api.repository.CategoryRepositoryTest]: CategoryRepositoryTest does not declare any static, non-private, non-final, nested classes annotated with @Configuration.
2026-08-21 03:11:13.943 INFO  [main] org.springframework.boot.test.context.SpringBootTestContextBootstrapper - Found @SpringBootConfiguration com.lhind.event_booking_api.EventBookingApiApplication for test class com.lhind.event_booking_api.repository.CategoryRepositoryTest
2026-08-21 03:11:14.086 INFO  [main] org.springframework.test.context.support.AnnotationConfigContextLoaderUtils - Could not detect default configuration classes for test class [com.lhind.event_booking_api.repository.EventRepositoryTest]: EventRepositoryTest does not declare any static, non-private, non-final, nested classes annotated with @Configuration.
2026-08-21 03:11:14.103 INFO  [main] org.springframework.boot.test.context.SpringBootTestContextBootstrapper - Found @SpringBootConfiguration com.lhind.event_booking_api.EventBookingApiApplication for test class com.lhind.event_booking_api.repository.EventRepositoryTest
2026-08-21 03:11:14.105 INFO  [main] org.springframework.test.context.support.AnnotationConfigContextLoaderUtils - Could not detect default configuration classes for test class [com.lhind.event_booking_api.repository.EventRepositoryTest]: EventRepositoryTest does not declare any static, non-private, non-final, nested classes annotated with @Configuration.
2026-08-21 03:11:14.119 INFO  [main] org.springframework.boot.test.context.SpringBootTestContextBootstrapper - Found @SpringBootConfiguration com.lhind.event_booking_api.EventBookingApiApplication for test class com.lhind.event_booking_api.repository.EventRepositoryTest
2026-08-21 03:11:14.418 INFO  [main] org.springframework.test.context.support.AnnotationConfigContextLoaderUtils - Could not detect default configuration classes for test class [com.lhind.event_booking_api.repository.EventSeatRepositoryTest]: EventSeatRepositoryTest does not declare any static, non-private, non-final, nested classes annotated with @Configuration.
2026-08-21 03:11:14.444 INFO  [main] org.springframework.boot.test.context.SpringBootTestContextBootstrapper - Found @SpringBootConfiguration com.lhind.event_booking_api.EventBookingApiApplication for test class com.lhind.event_booking_api.repository.EventSeatRepositoryTest
2026-08-21 03:11:14.447 INFO  [main] org.springframework.test.context.support.AnnotationConfigContextLoaderUtils - Could not detect default configuration classes for test class [com.lhind.event_booking_api.repository.EventSeatRepositoryTest]: EventSeatRepositoryTest does not declare any static, non-private, non-final, nested classes annotated with @Configuration.
2026-08-21 03:11:14.462 INFO  [main] org.springframework.boot.test.context.SpringBootTestContextBootstrapper - Found @SpringBootConfiguration com.lhind.event_booking_api.EventBookingApiApplication for test class com.lhind.event_booking_api.repository.EventSeatRepositoryTest
2026-08-21 03:11:14.710 INFO  [main] org.springframework.test.context.support.AnnotationConfigContextLoaderUtils - Could not detect default configuration classes for test class [com.lhind.event_booking_api.repository.NotificationRepositoryTest]: NotificationRepositoryTest does not declare any static, non-private, non-final, nested classes annotated with @Configuration.
2026-08-21 03:11:14.736 INFO  [main] org.springframework.boot.test.context.SpringBootTestContextBootstrapper - Found @SpringBootConfiguration com.lhind.event_booking_api.EventBookingApiApplication for test class com.lhind.event_booking_api.repository.NotificationRepositoryTest
2026-08-21 03:11:14.736 INFO  [main] org.springframework.test.context.support.AnnotationConfigContextLoaderUtils - Could not detect default configuration classes for test class [com.lhind.event_booking_api.repository.NotificationRepositoryTest]: NotificationRepositoryTest does not declare any static, non-private, non-final, nested classes annotated with @Configuration.
2026-08-21 03:11:14.760 INFO  [main] org.springframework.boot.test.context.SpringBootTestContextBootstrapper - Found @SpringBootConfiguration com.lhind.event_booking_api.EventBookingApiApplication for test class com.lhind.event_booking_api.repository.NotificationRepositoryTest
2026-08-21 03:11:14.994 INFO  [main] org.springframework.test.context.support.AnnotationConfigContextLoaderUtils - Could not detect default configuration classes for test class [com.lhind.event_booking_api.repository.PaymentRepositoryTest]: PaymentRepositoryTest does not declare any static, non-private, non-final, nested classes annotated with @Configuration.
2026-08-21 03:11:15.011 INFO  [main] org.springframework.boot.test.context.SpringBootTestContextBootstrapper - Found @SpringBootConfiguration com.lhind.event_booking_api.EventBookingApiApplication for test class com.lhind.event_booking_api.repository.PaymentRepositoryTest
2026-08-21 03:11:15.013 INFO  [main] org.springframework.test.context.support.AnnotationConfigContextLoaderUtils - Could not detect default configuration classes for test class [com.lhind.event_booking_api.repository.PaymentRepositoryTest]: PaymentRepositoryTest does not declare any static, non-private, non-final, nested classes annotated with @Configuration.
2026-08-21 03:11:15.024 INFO  [main] org.springframework.boot.test.context.SpringBootTestContextBootstrapper - Found @SpringBootConfiguration com.lhind.event_booking_api.EventBookingApiApplication for test class com.lhind.event_booking_api.repository.PaymentRepositoryTest
2026-08-21 03:11:15.183 INFO  [main] org.springframework.test.context.support.AnnotationConfigContextLoaderUtils - Could not detect default configuration classes for test class [com.lhind.event_booking_api.repository.ReviewRepositoryTest]: ReviewRepositoryTest does not declare any static, non-private, non-final, nested classes annotated with @Configuration.
2026-08-21 03:11:15.199 INFO  [main] org.springframework.boot.test.context.SpringBootTestContextBootstrapper - Found @SpringBootConfiguration com.lhind.event_booking_api.EventBookingApiApplication for test class com.lhind.event_booking_api.repository.ReviewRepositoryTest
2026-08-21 03:11:15.199 INFO  [main] org.springframework.test.context.support.AnnotationConfigContextLoaderUtils - Could not detect default configuration classes for test class [com.lhind.event_booking_api.repository.ReviewRepositoryTest]: ReviewRepositoryTest does not declare any static, non-private, non-final, nested classes annotated with @Configuration.
2026-08-21 03:11:15.219 INFO  [main] org.springframework.boot.test.context.SpringBootTestContextBootstrapper - Found @SpringBootConfiguration com.lhind.event_booking_api.EventBookingApiApplication for test class com.lhind.event_booking_api.repository.ReviewRepositoryTest
2026-08-21 03:11:15.426 INFO  [main] org.springframework.test.context.support.AnnotationConfigContextLoaderUtils - Could not detect default configuration classes for test class [com.lhind.event_booking_api.repository.SeatRepositoryTest]: SeatRepositoryTest does not declare any static, non-private, non-final, nested classes annotated with @Configuration.
2026-08-21 03:11:15.453 INFO  [main] org.springframework.boot.test.context.SpringBootTestContextBootstrapper - Found @SpringBootConfiguration com.lhind.event_booking_api.EventBookingApiApplication for test class com.lhind.event_booking_api.repository.SeatRepositoryTest
2026-08-21 03:11:15.453 INFO  [main] org.springframework.test.context.support.AnnotationConfigContextLoaderUtils - Could not detect default configuration classes for test class [com.lhind.event_booking_api.repository.SeatRepositoryTest]: SeatRepositoryTest does not declare any static, non-private, non-final, nested classes annotated with @Configuration.
2026-08-21 03:11:15.455 INFO  [main] org.springframework.boot.test.context.SpringBootTestContextBootstrapper - Found @SpringBootConfiguration com.lhind.event_booking_api.EventBookingApiApplication for test class com.lhind.event_booking_api.repository.SeatRepositoryTest
2026-08-21 03:11:15.606 INFO  [main] org.springframework.test.context.support.AnnotationConfigContextLoaderUtils - Could not detect default configuration classes for test class [com.lhind.event_booking_api.repository.UserRepositoryTest]: UserRepositoryTest does not declare any static, non-private, non-final, nested classes annotated with @Configuration.
2026-08-21 03:11:15.623 INFO  [main] org.springframework.boot.test.context.SpringBootTestContextBootstrapper - Found @SpringBootConfiguration com.lhind.event_booking_api.EventBookingApiApplication for test class com.lhind.event_booking_api.repository.UserRepositoryTest
2026-08-21 03:11:15.623 INFO  [main] org.springframework.test.context.support.AnnotationConfigContextLoaderUtils - Could not detect default configuration classes for test class [com.lhind.event_booking_api.repository.UserRepositoryTest]: UserRepositoryTest does not declare any static, non-private, non-final, nested classes annotated with @Configuration.
2026-08-21 03:11:15.634 INFO  [main] org.springframework.boot.test.context.SpringBootTestContextBootstrapper - Found @SpringBootConfiguration com.lhind.event_booking_api.EventBookingApiApplication for test class com.lhind.event_booking_api.repository.UserRepositoryTest
2026-08-21 03:11:15.728 INFO  [main] org.springframework.test.context.support.AnnotationConfigContextLoaderUtils - Could not detect default configuration classes for test class [com.lhind.event_booking_api.repository.VenueRepositoryTest]: VenueRepositoryTest does not declare any static, non-private, non-final, nested classes annotated with @Configuration.
2026-08-21 03:11:15.748 INFO  [main] org.springframework.boot.test.context.SpringBootTestContextBootstrapper - Found @SpringBootConfiguration com.lhind.event_booking_api.EventBookingApiApplication for test class com.lhind.event_booking_api.repository.VenueRepositoryTest
2026-08-21 03:11:15.748 INFO  [main] org.springframework.test.context.support.AnnotationConfigContextLoaderUtils - Could not detect default configuration classes for test class [com.lhind.event_booking_api.repository.VenueRepositoryTest]: VenueRepositoryTest does not declare any static, non-private, non-final, nested classes annotated with @Configuration.
2026-08-21 03:11:15.763 INFO  [main] org.springframework.boot.test.context.SpringBootTestContextBootstrapper - Found @SpringBootConfiguration com.lhind.event_booking_api.EventBookingApiApplication for test class com.lhind.event_booking_api.repository.VenueRepositoryTest
2026-08-21 03:11:15.837 INFO  [main] org.springframework.test.context.support.AnnotationConfigContextLoaderUtils - Could not detect default configuration classes for test class [com.lhind.event_booking_api.repository.WaitlistRepositoryTest]: WaitlistRepositoryTest does not declare any static, non-private, non-final, nested classes annotated with @Configuration.
2026-08-21 03:11:15.849 INFO  [main] org.springframework.boot.test.context.SpringBootTestContextBootstrapper - Found @SpringBootConfiguration com.lhind.event_booking_api.EventBookingApiApplication for test class com.lhind.event_booking_api.repository.WaitlistRepositoryTest
2026-08-21 03:11:15.849 INFO  [main] org.springframework.test.context.support.AnnotationConfigContextLoaderUtils - Could not detect default configuration classes for test class [com.lhind.event_booking_api.repository.WaitlistRepositoryTest]: WaitlistRepositoryTest does not declare any static, non-private, non-final, nested classes annotated with @Configuration.
2026-08-21 03:11:15.860 INFO  [main] org.springframework.boot.test.context.SpringBootTestContextBootstrapper - Found @SpringBootConfiguration com.lhind.event_booking_api.EventBookingApiApplication for test class com.lhind.event_booking_api.repository.WaitlistRepositoryTest
2026-08-21 03:11:16.057 INFO  [main] org.springframework.test.context.support.AnnotationConfigContextLoaderUtils - Could not detect default configuration classes for test class [com.lhind.event_booking_api.security.SecurityConfigTest]: SecurityConfigTest does not declare any static, non-private, non-final, nested classes annotated with @Configuration.
2026-08-21 03:11:16.073 INFO  [main] org.springframework.boot.test.context.SpringBootTestContextBootstrapper - Found @SpringBootConfiguration com.lhind.event_booking_api.EventBookingApiApplication for test class com.lhind.event_booking_api.security.SecurityConfigTest
2026-08-21 03:11:16.073 INFO  [main] org.springframework.test.context.support.AnnotationConfigContextLoaderUtils - Could not detect default configuration classes for test class [com.lhind.event_booking_api.security.SecurityConfigTest]: SecurityConfigTest does not declare any static, non-private, non-final, nested classes annotated with @Configuration.
2026-08-21 03:11:16.075 INFO  [main] org.springframework.boot.test.context.SpringBootTestContextBootstrapper - Found @SpringBootConfiguration com.lhind.event_booking_api.EventBookingApiApplication for test class com.lhind.event_booking_api.security.SecurityConfigTest
2026-08-21 03:11:16.118 INFO  [main] com.lhind.event_booking_api.security.SecurityConfigTest - Starting SecurityConfigTest using Java 17.0.12 with PID 14552 (started by krist in C:\Users\krist\OneDrive\Desktop\event-booking-api)
2026-08-21 03:11:16.118 DEBUG [main] com.lhind.event_booking_api.security.SecurityConfigTest - Running with Spring Boot v4.1.0, Spring v7.0.8
2026-08-21 03:11:16.118 INFO  [main] com.lhind.event_booking_api.security.SecurityConfigTest - The following 1 profile is active: "test"
2026-08-21 03:11:16.398 INFO  [main] org.springframework.data.repository.config.RepositoryConfigurationDelegate - Bootstrapping Spring Data JPA repositories in DEFAULT mode.
2026-08-21 03:11:16.432 INFO  [main] org.springframework.data.repository.config.RepositoryConfigurationDelegate - Finished Spring Data repository scanning in 31 ms. Found 12 JPA repository interfaces.
2026-08-21 03:11:16.561 INFO  [main] org.springframework.orm.jpa.persistenceunit.SpringPersistenceUnitInfo - No LoadTimeWeaver setup: ignoring JPA class transformer
2026-08-21 03:11:16.812 INFO  [main] org.springframework.orm.jpa.LocalContainerEntityManagerFactoryBean - Initialized JPA EntityManagerFactory for persistence unit 'default'
2026-08-21 03:11:16.892 INFO  [main] org.springframework.security.config.annotation.authentication.configuration.InitializeUserDetailsBeanManagerConfigurer$InitializeUserDetailsManagerConfigurer - Global AuthenticationManager configured with UserDetailsService bean with name customUserDetailsService
2026-08-21 03:11:17.191 DEBUG [main] com.lhind.event_booking_api.security.JwtAuthenticationFilter - Filter 'jwtAuthenticationFilter' configured for use
2026-08-21 03:11:17.191 INFO  [main] org.springframework.boot.test.mock.web.SpringBootMockServletContext - Initializing Spring TestDispatcherServlet ''
2026-08-21 03:11:17.191 INFO  [main] org.springframework.test.web.servlet.TestDispatcherServlet - Initializing Servlet ''
2026-08-21 03:11:17.193 INFO  [main] org.springframework.test.web.servlet.TestDispatcherServlet - Completed initialization in 2 ms
2026-08-21 03:11:17.223 INFO  [main] com.lhind.event_booking_api.security.SecurityConfigTest - Started SecurityConfigTest in 1.148 seconds (process running for 26.367)
2026-08-21 03:11:17.223 WARN  [main] org.springdoc.core.events.SpringDocAppInitializer - SpringDoc /v3/api-docs endpoint is enabled by default. To disable it in production, set the property 'springdoc.api-docs.enabled=false'
2026-08-21 03:11:17.223 WARN  [main] org.springdoc.core.events.SpringDocAppInitializer - SpringDoc /swagger-ui.html endpoint is enabled by default. To disable it in production, set the property 'springdoc.swagger-ui.enabled=false'
2026-08-21 03:11:17.450 WARN  [main] org.hibernate.validator.internal.metadata.aggregated.CascadingMetaDataBuilder - HV000271: Using `@Valid` on a container (java.util.List) is deprecated. You should apply the annotation on the type argument(s). Affected element: categories
2026-08-21 03:11:17.530 WARN  [main] org.hibernate.validator.internal.metadata.aggregated.CascadingMetaDataBuilder - HV000271: Using `@Valid` on a container (java.util.List) is deprecated. You should apply the annotation on the type argument(s). Affected element: seats
2026-08-21 03:11:18.050 INFO  [main] com.lhind.event_booking_api.service.AuthServiceImpl - Login requested for email: user@test.com
2026-08-21 03:11:18.052 WARN  [main] com.lhind.event_booking_api.service.AuthServiceImpl - Authenticated user not found with email: user@test.com
2026-08-21 03:11:18.063 INFO  [main] com.lhind.event_booking_api.service.AuthServiceImpl - Login requested for email: user@test.com
2026-08-21 03:11:18.063 INFO  [main] com.lhind.event_booking_api.service.AuthServiceImpl - Login successful for user id: 1
2026-08-21 03:11:18.066 INFO  [main] com.lhind.event_booking_api.service.AuthServiceImpl - Registration requested for email: user@test.com
2026-08-21 03:11:18.068 WARN  [main] com.lhind.event_booking_api.service.AuthServiceImpl - Registration rejected because email already exists: user@test.com
2026-08-21 03:11:18.072 INFO  [main] com.lhind.event_booking_api.service.AuthServiceImpl - Registration requested for email: user@test.com
2026-08-21 03:11:18.072 INFO  [main] com.lhind.event_booking_api.service.AuthServiceImpl - User registered successfully with id: 1
2026-08-21 03:11:18.537 INFO  [main] com.lhind.event_booking_api.service.BookingServiceImpl - Confirm requested for booking id: 1 by user id: 2
2026-08-21 03:11:18.537 DEBUG [main] com.lhind.event_booking_api.service.BookingServiceImpl - Event booking management authorization successful. Event id: 1, user id: 2, admin: false
2026-08-21 03:11:18.537 INFO  [main] com.lhind.event_booking_api.service.BookingServiceImpl - Booking confirmed successfully with id: 1
2026-08-21 03:11:18.543 INFO  [main] com.lhind.event_booking_api.service.BookingServiceImpl - Cancellation requested for booking id: 1 by user id: 99
2026-08-21 03:11:18.543 WARN  [main] com.lhind.event_booking_api.service.BookingServiceImpl - Unauthorized booking access attempt. Booking id: 1, user id: 99
2026-08-21 03:11:18.550 INFO  [main] com.lhind.event_booking_api.service.BookingServiceImpl - Creating booking for user id: 1 and event id: 1
2026-08-21 03:11:18.555 DEBUG [main] com.lhind.event_booking_api.service.BookingServiceImpl - Seat A-1 reserved for event id: 1
2026-08-21 03:11:18.555 INFO  [main] com.lhind.event_booking_api.service.BookingServiceImpl - Booking created successfully with id: 1 for user id: 1
2026-08-21 03:11:18.562 INFO  [main] com.lhind.event_booking_api.service.BookingServiceImpl - Complete requested for booking id: 1 by user id: 2
2026-08-21 03:11:18.562 DEBUG [main] com.lhind.event_booking_api.service.BookingServiceImpl - Event booking management authorization successful. Event id: 1, user id: 2, admin: false
2026-08-21 03:11:18.562 INFO  [main] com.lhind.event_booking_api.service.BookingServiceImpl - Booking completed successfully with id: 1
2026-08-21 03:11:18.572 DEBUG [main] com.lhind.event_booking_api.service.BookingServiceImpl - Fetching bookings for user id: 1
2026-08-21 03:11:18.581 INFO  [main] com.lhind.event_booking_api.service.BookingServiceImpl - Creating booking for user id: 1 and event id: 1
2026-08-21 03:11:18.581 WARN  [main] com.lhind.event_booking_api.service.BookingServiceImpl - Seat not found in venue id: 1. Seat: A-1
2026-08-21 03:11:18.586 INFO  [main] com.lhind.event_booking_api.service.BookingServiceImpl - Cancellation requested for booking id: 1 by user id: 1
2026-08-21 03:11:18.586 DEBUG [main] com.lhind.event_booking_api.service.BookingServiceImpl - Booking ownership validation successful. Booking id: 1, user id: 1, admin: false
2026-08-21 03:11:18.586 INFO  [main] com.lhind.event_booking_api.service.BookingServiceImpl - Booking cancelled successfully with id: 1
2026-08-21 03:11:18.592 INFO  [main] com.lhind.event_booking_api.service.BookingServiceImpl - Confirm requested for booking id: 1 by user id: 99
2026-08-21 03:11:18.592 WARN  [main] com.lhind.event_booking_api.service.BookingServiceImpl - Unauthorized booking management attempt. Event id: 1, user id: 99
2026-08-21 03:11:18.596 DEBUG [main] com.lhind.event_booking_api.service.BookingServiceImpl - Fetching bookings for event id: 1 by user id: 2
2026-08-21 03:11:18.596 DEBUG [main] com.lhind.event_booking_api.service.BookingServiceImpl - Event booking management authorization successful. Event id: 1, user id: 2, admin: false
2026-08-21 03:11:18.600 DEBUG [main] com.lhind.event_booking_api.service.BookingServiceImpl - Fetching booking by id: 1
2026-08-21 03:11:18.600 WARN  [main] com.lhind.event_booking_api.service.BookingServiceImpl - Unauthorized booking access attempt. Booking id: 1, user id: 99
2026-08-21 03:11:18.607 INFO  [main] com.lhind.event_booking_api.service.BookingServiceImpl - Cancellation requested for booking id: 1 by user id: 1
2026-08-21 03:11:18.607 DEBUG [main] com.lhind.event_booking_api.service.BookingServiceImpl - Booking ownership validation successful. Booking id: 1, user id: 1, admin: false
2026-08-21 03:11:18.607 WARN  [main] com.lhind.event_booking_api.service.BookingServiceImpl - Booking id: 1 is already cancelled
2026-08-21 03:11:18.612 INFO  [main] com.lhind.event_booking_api.service.BookingServiceImpl - Creating booking for user id: 1 and event id: 1
2026-08-21 03:11:18.612 WARN  [main] com.lhind.event_booking_api.service.BookingServiceImpl - Seat id: 1 is not assigned to event id: 1
2026-08-21 03:11:18.616 INFO  [main] com.lhind.event_booking_api.service.BookingServiceImpl - Cancellation requested for booking id: 1 by user id: 1
2026-08-21 03:11:18.616 DEBUG [main] com.lhind.event_booking_api.service.BookingServiceImpl - Booking ownership validation successful. Booking id: 1, user id: 1, admin: false
2026-08-21 03:11:18.616 WARN  [main] com.lhind.event_booking_api.service.BookingServiceImpl - Completed booking id: 1 cannot be cancelled
2026-08-21 03:11:18.618 DEBUG [main] com.lhind.event_booking_api.service.BookingServiceImpl - Fetching bookings for user id: 1 with status: PENDING
2026-08-21 03:11:18.624 INFO  [main] com.lhind.event_booking_api.service.BookingServiceImpl - Confirm requested for booking id: 1 by user id: 2
2026-08-21 03:11:18.624 DEBUG [main] com.lhind.event_booking_api.service.BookingServiceImpl - Event booking management authorization successful. Event id: 1, user id: 2, admin: false
2026-08-21 03:11:18.624 WARN  [main] com.lhind.event_booking_api.service.BookingServiceImpl - Booking id: 1 cannot be confirmed because current status is: CONFIRMED
2026-08-21 03:11:18.632 INFO  [main] com.lhind.event_booking_api.service.BookingServiceImpl - Complete requested for booking id: 1 by user id: 2
2026-08-21 03:11:18.632 DEBUG [main] com.lhind.event_booking_api.service.BookingServiceImpl - Event booking management authorization successful. Event id: 1, user id: 2, admin: false
2026-08-21 03:11:18.632 WARN  [main] com.lhind.event_booking_api.service.BookingServiceImpl - Booking id: 1 cannot be completed because current status is: PENDING
2026-08-21 03:11:18.638 INFO  [main] com.lhind.event_booking_api.service.BookingServiceImpl - Creating booking for user id: 1 and event id: 1
2026-08-21 03:11:18.640 WARN  [main] com.lhind.event_booking_api.service.BookingServiceImpl - Booking rejected for event id: 1. Requested seats: 1, available seats: 0
2026-08-21 03:11:18.642 INFO  [main] com.lhind.event_booking_api.service.BookingServiceImpl - Creating booking for user id: 1 and event id: 1
2026-08-21 03:11:18.644 WARN  [main] com.lhind.event_booking_api.service.BookingServiceImpl - Seat A-1 is not available for event id: 1
2026-08-21 03:11:18.648 INFO  [main] com.lhind.event_booking_api.service.BookingServiceImpl - Confirm requested for booking id: 1 by user id: 2
2026-08-21 03:11:18.648 DEBUG [main] com.lhind.event_booking_api.service.BookingServiceImpl - Event booking management authorization successful. Event id: 1, user id: 2, admin: false
2026-08-21 03:11:18.648 WARN  [main] com.lhind.event_booking_api.service.BookingServiceImpl - Booking id: 1 contains event seat id: 1 with invalid status: AVAILABLE
2026-08-21 03:11:18.648 INFO  [main] com.lhind.event_booking_api.service.BookingServiceImpl - Complete requested for booking id: 1 by user id: 99
2026-08-21 03:11:18.648 WARN  [main] com.lhind.event_booking_api.service.BookingServiceImpl - Unauthorized booking management attempt. Event id: 1, user id: 99
2026-08-21 03:11:18.658 INFO  [main] com.lhind.event_booking_api.service.BookingServiceImpl - Creating booking for user id: 1 and event id: 1
2026-08-21 03:11:18.658 WARN  [main] com.lhind.event_booking_api.service.BookingServiceImpl - Duplicate seat detected in booking request: A-1
2026-08-21 03:11:18.664 DEBUG [main] com.lhind.event_booking_api.service.BookingServiceImpl - Fetching bookings for event id: 1 by user id: 99
2026-08-21 03:11:18.664 WARN  [main] com.lhind.event_booking_api.service.BookingServiceImpl - Unauthorized booking management attempt. Event id: 1, user id: 99
2026-08-21 03:11:18.664 DEBUG [main] com.lhind.event_booking_api.service.BookingServiceImpl - Fetching booking by id: 1
2026-08-21 03:11:18.664 DEBUG [main] com.lhind.event_booking_api.service.BookingServiceImpl - Booking ownership validation successful. Booking id: 1, user id: 1, admin: false
2026-08-21 03:11:18.671 INFO  [main] com.lhind.event_booking_api.service.BookingServiceImpl - Cancellation requested for booking id: 1 by user id: 1
2026-08-21 03:11:18.671 DEBUG [main] com.lhind.event_booking_api.service.BookingServiceImpl - Booking ownership validation successful. Booking id: 1, user id: 1, admin: false
2026-08-21 03:11:18.671 INFO  [main] com.lhind.event_booking_api.service.BookingServiceImpl - Booking cancelled successfully with id: 1
2026-08-21 03:11:18.803 DEBUG [main] com.lhind.event_booking_api.service.CategoryServiceImpl - Fetching category by id: 99
2026-08-21 03:11:18.807 WARN  [main] com.lhind.event_booking_api.service.CategoryServiceImpl - Category not found with id: 99
2026-08-21 03:11:18.813 INFO  [main] com.lhind.event_booking_api.service.CategoryServiceImpl - Creating category with name: Music
2026-08-21 03:11:18.813 INFO  [main] com.lhind.event_booking_api.service.CategoryServiceImpl - Category created successfully with id: 1 and name: Music
2026-08-21 03:11:18.819 INFO  [main] com.lhind.event_booking_api.service.CategoryServiceImpl - Update requested for category id: 99
2026-08-21 03:11:18.819 WARN  [main] com.lhind.event_booking_api.service.CategoryServiceImpl - Category not found with id: 99
2026-08-21 03:11:18.827 DEBUG [main] com.lhind.event_booking_api.service.CategoryServiceImpl - Fetching category by id: 1
2026-08-21 03:11:18.836 INFO  [main] com.lhind.event_booking_api.service.CategoryServiceImpl - Update requested for category id: 1
2026-08-21 03:11:18.836 INFO  [main] com.lhind.event_booking_api.service.CategoryServiceImpl - Category updated successfully with id: 1
2026-08-21 03:11:18.846 INFO  [main] com.lhind.event_booking_api.service.CategoryServiceImpl - Update requested for category id: 1
2026-08-21 03:11:18.846 WARN  [main] com.lhind.event_booking_api.service.CategoryServiceImpl - Category update rejected. Category name already exists: Sport
2026-08-21 03:11:18.856 INFO  [main] com.lhind.event_booking_api.service.CategoryServiceImpl - Delete requested for category id: 99
2026-08-21 03:11:18.856 WARN  [main] com.lhind.event_booking_api.service.CategoryServiceImpl - Category not found with id: 99
2026-08-21 03:11:18.861 DEBUG [main] com.lhind.event_booking_api.service.CategoryServiceImpl - Fetching all categories
2026-08-21 03:11:18.871 INFO  [main] com.lhind.event_booking_api.service.CategoryServiceImpl - Delete requested for category id: 1
2026-08-21 03:11:18.871 INFO  [main] com.lhind.event_booking_api.service.CategoryServiceImpl - Category deleted successfully with id: 1
2026-08-21 03:11:18.879 INFO  [main] com.lhind.event_booking_api.service.CategoryServiceImpl - Creating category with name: Music
2026-08-21 03:11:18.879 WARN  [main] com.lhind.event_booking_api.service.CategoryServiceImpl - Category creation rejected because category already exists with name: Music
2026-08-21 03:11:18.935 DEBUG [main] com.lhind.event_booking_api.service.EventSeatServiceImpl - Fetching event seat by id: 1
2026-08-21 03:11:18.935 INFO  [main] com.lhind.event_booking_api.service.EventSeatServiceImpl - Price update requested for event seat id: 1 by user id: 99
2026-08-21 03:11:18.935 WARN  [main] com.lhind.event_booking_api.service.EventSeatServiceImpl - Unauthorized event seat modification attempt. Event id: 1, user id: 99
2026-08-21 03:11:18.951 INFO  [main] com.lhind.event_booking_api.service.EventSeatServiceImpl - Price update requested for event seat id: 1 by user id: 1
2026-08-21 03:11:18.951 DEBUG [main] com.lhind.event_booking_api.service.EventSeatServiceImpl - Event seat ownership validation successful. Event id: 1, user id: 1, admin: false
2026-08-21 03:11:18.951 INFO  [main] com.lhind.event_booking_api.service.EventSeatServiceImpl - Event seat price updated successfully. Event seat id: 1, new price: 35.00
2026-08-21 03:11:18.954 INFO  [main] com.lhind.event_booking_api.service.EventSeatServiceImpl - Delete requested for event seat id: 1 by user id: 1
2026-08-21 03:11:18.954 DEBUG [main] com.lhind.event_booking_api.service.EventSeatServiceImpl - Event seat ownership validation successful. Event id: 1, user id: 1, admin: false
2026-08-21 03:11:18.954 INFO  [main] com.lhind.event_booking_api.service.EventSeatServiceImpl - Event seat deleted successfully with id: 1
2026-08-21 03:11:18.954 INFO  [main] com.lhind.event_booking_api.service.EventSeatServiceImpl - Creating event seat for event id: 1 by user id: 99
2026-08-21 03:11:18.954 WARN  [main] com.lhind.event_booking_api.service.EventSeatServiceImpl - Unauthorized event seat modification attempt. Event id: 1, user id: 99
2026-08-21 03:11:18.954 DEBUG [main] com.lhind.event_booking_api.service.EventSeatServiceImpl - Fetching seats for event id: 1
2026-08-21 03:11:18.966 INFO  [main] com.lhind.event_booking_api.service.EventSeatServiceImpl - Creating event seat for event id: 1 by user id: 1
2026-08-21 03:11:18.966 DEBUG [main] com.lhind.event_booking_api.service.EventSeatServiceImpl - Event seat ownership validation successful. Event id: 1, user id: 1, admin: false
2026-08-21 03:11:18.966 WARN  [main] com.lhind.event_booking_api.service.EventSeatServiceImpl - Seat not found in venue id: 1. Seat: A-1
2026-08-21 03:11:18.970 INFO  [main] com.lhind.event_booking_api.service.EventSeatServiceImpl - Creating event seat for event id: 1 by user id: 1
2026-08-21 03:11:18.970 DEBUG [main] com.lhind.event_booking_api.service.EventSeatServiceImpl - Event seat ownership validation successful. Event id: 1, user id: 1, admin: false
2026-08-21 03:11:18.973 INFO  [main] com.lhind.event_booking_api.service.EventSeatServiceImpl - Event seat created successfully with id: null for event id: 1
2026-08-21 03:11:18.976 INFO  [main] com.lhind.event_booking_api.service.EventSeatServiceImpl - Creating event seat for event id: 1 by user id: 1
2026-08-21 03:11:18.976 DEBUG [main] com.lhind.event_booking_api.service.EventSeatServiceImpl - Event seat ownership validation successful. Event id: 1, user id: 1, admin: false
2026-08-21 03:11:18.976 WARN  [main] com.lhind.event_booking_api.service.EventSeatServiceImpl - Duplicate event seat assignment. Event id: 1, seat id: 1
2026-08-21 03:11:18.982 DEBUG [main] com.lhind.event_booking_api.service.EventSeatServiceImpl - Fetching seats for event id: 1 with status: AVAILABLE
2026-08-21 03:11:18.986 INFO  [main] com.lhind.event_booking_api.service.EventSeatServiceImpl - Delete requested for event seat id: 1 by user id: 1
2026-08-21 03:11:18.986 DEBUG [main] com.lhind.event_booking_api.service.EventSeatServiceImpl - Event seat ownership validation successful. Event id: 1, user id: 1, admin: false
2026-08-21 03:11:18.986 WARN  [main] com.lhind.event_booking_api.service.EventSeatServiceImpl - Event seat id: 1 cannot be deleted because current status is: RESERVED
2026-08-21 03:11:18.990 INFO  [main] com.lhind.event_booking_api.service.EventSeatServiceImpl - Price update requested for event seat id: 1 by user id: 1
2026-08-21 03:11:18.993 DEBUG [main] com.lhind.event_booking_api.service.EventSeatServiceImpl - Event seat ownership validation successful. Event id: 1, user id: 1, admin: false
2026-08-21 03:11:18.993 WARN  [main] com.lhind.event_booking_api.service.EventSeatServiceImpl - Invalid price update for event seat id: 1. Requested price: 0
2026-08-21 03:11:18.993 INFO  [main] com.lhind.event_booking_api.service.EventSeatServiceImpl - Delete requested for event seat id: 1 by user id: 50
2026-08-21 03:11:18.993 DEBUG [main] com.lhind.event_booking_api.service.EventSeatServiceImpl - Event seat ownership validation successful. Event id: 1, user id: 50, admin: true
2026-08-21 03:11:18.993 INFO  [main] com.lhind.event_booking_api.service.EventSeatServiceImpl - Event seat deleted successfully with id: 1
2026-08-21 03:11:18.998 DEBUG [main] com.lhind.event_booking_api.service.EventSeatServiceImpl - Fetching event seat by id: 99
2026-08-21 03:11:18.998 WARN  [main] com.lhind.event_booking_api.service.EventSeatServiceImpl - Event seat not found with id: 99
2026-08-21 03:11:19.145 DEBUG [main] com.lhind.event_booking_api.service.EventServiceImpl - Fetching events by status: PUBLISHED
2026-08-21 03:11:19.149 DEBUG [main] com.lhind.event_booking_api.service.EventServiceImpl - Fetching event by id: 1
2026-08-21 03:11:19.153 INFO  [main] com.lhind.event_booking_api.service.EventServiceImpl - Update requested for event id: 1 by user id: 1
2026-08-21 03:11:19.153 DEBUG [main] com.lhind.event_booking_api.service.EventServiceImpl - Event ownership validation successful. Event id: 1, user id: 1, admin: false
2026-08-21 03:11:19.155 DEBUG [main] com.lhind.event_booking_api.service.EventServiceImpl - Validating event status transition for event id: 1 from PUBLISHED to PUBLISHED
2026-08-21 03:11:19.155 INFO  [main] com.lhind.event_booking_api.service.EventServiceImpl - Event updated successfully with id: 1
2026-08-21 03:11:19.163 INFO  [main] com.lhind.event_booking_api.service.EventServiceImpl - Delete requested for event id: 1 by user id: 1
2026-08-21 03:11:19.163 DEBUG [main] com.lhind.event_booking_api.service.EventServiceImpl - Event ownership validation successful. Event id: 1, user id: 1, admin: false
2026-08-21 03:11:19.165 INFO  [main] com.lhind.event_booking_api.service.EventServiceImpl - Event deleted successfully with id: 1
2026-08-21 03:11:19.167 INFO  [main] com.lhind.event_booking_api.service.EventServiceImpl - Update requested for event id: 1 by user id: 99
2026-08-21 03:11:19.167 WARN  [main] com.lhind.event_booking_api.service.EventServiceImpl - Unauthorized event modification attempt. Event id: 1, user id: 99
2026-08-21 03:11:19.176 INFO  [main] com.lhind.event_booking_api.service.EventServiceImpl - Creating event 'Music Event' by organizer id: 1
2026-08-21 03:11:19.180 WARN  [main] com.lhind.event_booking_api.service.EventServiceImpl - Event capacity validation failed. Requested seats: 150, venue capacity: 100, venue id: 1
2026-08-21 03:11:19.186 INFO  [main] com.lhind.event_booking_api.service.EventServiceImpl - Creating event 'Music Event' by organizer id: 1
2026-08-21 03:11:19.186 WARN  [main] com.lhind.event_booking_api.service.EventServiceImpl - Invalid event dates. Start: 2026-08-26T03:11:19.184948100, End: 2026-08-26T02:11:19.184948100
2026-08-21 03:11:19.190 INFO  [main] com.lhind.event_booking_api.service.EventServiceImpl - Update requested for event id: 1 by user id: 1
2026-08-21 03:11:19.190 DEBUG [main] com.lhind.event_booking_api.service.EventServiceImpl - Event ownership validation successful. Event id: 1, user id: 1, admin: false
2026-08-21 03:11:19.190 DEBUG [main] com.lhind.event_booking_api.service.EventServiceImpl - Validating event status transition for event id: 1 from DRAFT to PUBLISHED
2026-08-21 03:11:19.190 INFO  [main] com.lhind.event_booking_api.service.EventServiceImpl - Event updated successfully with id: 1
2026-08-21 03:11:19.194 INFO  [main] com.lhind.event_booking_api.service.EventServiceImpl - Delete requested for event id: 1 by user id: 99
2026-08-21 03:11:19.194 WARN  [main] com.lhind.event_booking_api.service.EventServiceImpl - Unauthorized event modification attempt. Event id: 1, user id: 99
2026-08-21 03:11:19.198 INFO  [main] com.lhind.event_booking_api.service.EventServiceImpl - Update requested for event id: 1 by user id: 1
2026-08-21 03:11:19.198 DEBUG [main] com.lhind.event_booking_api.service.EventServiceImpl - Event ownership validation successful. Event id: 1, user id: 1, admin: false
2026-08-21 03:11:19.198 DEBUG [main] com.lhind.event_booking_api.service.EventServiceImpl - Validating event status transition for event id: 1 from COMPLETED to PUBLISHED
2026-08-21 03:11:19.198 WARN  [main] com.lhind.event_booking_api.service.EventServiceImpl - Invalid status transition for completed event id: 1
2026-08-21 03:11:19.198 DEBUG [main] com.lhind.event_booking_api.service.EventServiceImpl - Fetching events by category id: 1
2026-08-21 03:11:19.198 INFO  [main] com.lhind.event_booking_api.service.EventServiceImpl - Creating event 'Music Event' by organizer id: 1
2026-08-21 03:11:19.198 INFO  [main] com.lhind.event_booking_api.service.EventServiceImpl - Event created successfully with id: 1
2026-08-21 03:11:19.198 DEBUG [main] com.lhind.event_booking_api.service.EventServiceImpl - Fetching all events
2026-08-21 03:11:19.208 INFO  [main] com.lhind.event_booking_api.service.EventServiceImpl - Delete requested for event id: 1 by user id: 1
2026-08-21 03:11:19.208 DEBUG [main] com.lhind.event_booking_api.service.EventServiceImpl - Event ownership validation successful. Event id: 1, user id: 1, admin: false
2026-08-21 03:11:19.208 WARN  [main] com.lhind.event_booking_api.service.EventServiceImpl - Event deletion rejected. Event id: 1, status: PUBLISHED
2026-08-21 03:11:19.208 DEBUG [main] com.lhind.event_booking_api.service.EventServiceImpl - Fetching events for organizer id: 1
2026-08-21 03:11:19.219 DEBUG [main] com.lhind.event_booking_api.service.EventServiceImpl - Fetching event by id: 99
2026-08-21 03:11:19.219 WARN  [main] com.lhind.event_booking_api.service.EventServiceImpl - Event not found with id: 99
2026-08-21 03:11:19.221 DEBUG [main] com.lhind.event_booking_api.service.EventServiceImpl - Fetching events by venue id: 1
2026-08-21 03:11:19.368 INFO  [main] com.lhind.event_booking_api.service.NotificationServiceImpl - 2 notifications marked as READ for user id: 1
2026-08-21 03:11:19.374 INFO  [main] com.lhind.event_booking_api.service.NotificationServiceImpl - Creating notification of type: BOOKING_CONFIRMED for user id: 1
2026-08-21 03:11:19.374 INFO  [main] com.lhind.event_booking_api.service.NotificationServiceImpl - Notification created successfully with id: null for user id: 1
2026-08-21 03:11:19.384 INFO  [main] com.lhind.event_booking_api.service.NotificationServiceImpl - Notification id: 100 marked as READ by user id: 1
2026-08-21 03:11:19.390 DEBUG [main] com.lhind.event_booking_api.service.NotificationServiceImpl - Fetching notifications for user id: 1
2026-08-21 03:11:19.394 DEBUG [main] com.lhind.event_booking_api.service.NotificationServiceImpl - Fetching unread notifications for user id: 1
2026-08-21 03:11:19.517 INFO  [main] com.lhind.event_booking_api.service.PaymentServiceImpl - Payment creation requested for booking id: 1
2026-08-21 03:11:19.527 WARN  [main] com.lhind.event_booking_api.service.PaymentServiceImpl - Payment creation rejected because booking id: 1 is cancelled
2026-08-21 03:11:19.531 INFO  [main] com.lhind.event_booking_api.service.PaymentServiceImpl - Payment creation requested for booking id: 1
2026-08-21 03:11:19.533 WARN  [main] com.lhind.event_booking_api.service.PaymentServiceImpl - Payment creation rejected because payment already exists for booking id: 1
2026-08-21 03:11:19.537 INFO  [main] com.lhind.event_booking_api.service.PaymentServiceImpl - Payment completion requested for payment id: 1 by user id: 1
2026-08-21 03:11:19.537 INFO  [main] com.lhind.event_booking_api.service.PaymentServiceImpl - Payment completed successfully with id: 1
2026-08-21 03:11:19.545 INFO  [main] com.lhind.event_booking_api.service.PaymentServiceImpl - Payment refund requested for payment id: 1 by user id: 1
2026-08-21 03:11:19.545 WARN  [main] com.lhind.event_booking_api.service.PaymentServiceImpl - Payment id: 1 cannot be refunded because current status is: PENDING
2026-08-21 03:11:19.561 INFO  [main] com.lhind.event_booking_api.service.PaymentServiceImpl - Payment refund requested for payment id: 1 by user id: 1
2026-08-21 03:11:19.561 INFO  [main] com.lhind.event_booking_api.service.PaymentServiceImpl - Payment refunded successfully with id: 1
2026-08-21 03:11:19.567 INFO  [main] com.lhind.event_booking_api.service.PaymentServiceImpl - Payment creation requested for booking id: 1
2026-08-21 03:11:19.567 WARN  [main] com.lhind.event_booking_api.service.PaymentServiceImpl - Unauthorized payment creation attempt. Booking id: 1, user id: 2
2026-08-21 03:11:19.567 INFO  [main] com.lhind.event_booking_api.service.PaymentServiceImpl - Payment completion requested for payment id: 1 by user id: 1
2026-08-21 03:11:19.573 WARN  [main] com.lhind.event_booking_api.service.PaymentServiceImpl - Payment id: 1 is already completed
2026-08-21 03:11:19.579 INFO  [main] com.lhind.event_booking_api.service.PaymentServiceImpl - Payment creation requested for booking id: 1
2026-08-21 03:11:19.579 INFO  [main] com.lhind.event_booking_api.service.PaymentServiceImpl - Payment created successfully with id: 1 for booking id: 1
2026-08-21 03:11:19.719 INFO  [main] com.lhind.event_booking_api.service.ReviewServiceImpl - Delete requested for review id: 1 by user id: 1
2026-08-21 03:11:19.719 DEBUG [main] com.lhind.event_booking_api.service.ReviewServiceImpl - Review ownership validation successful. Review id: 1, user id: 1, admin: false
2026-08-21 03:11:19.719 INFO  [main] com.lhind.event_booking_api.service.ReviewServiceImpl - Review deleted successfully with id: 1
2026-08-21 03:11:19.735 INFO  [main] com.lhind.event_booking_api.service.ReviewServiceImpl - Creating review for user id: 1 and event id: 1
2026-08-21 03:11:19.737 WARN  [main] com.lhind.event_booking_api.service.ReviewServiceImpl - Review creation rejected. Event id: 1 has not ended yet
2026-08-21 03:11:19.740 INFO  [main] com.lhind.event_booking_api.service.ReviewServiceImpl - Creating review for user id: 1 and event id: 1
2026-08-21 03:11:19.740 WARN  [main] com.lhind.event_booking_api.service.ReviewServiceImpl - Review creation rejected. User id: 1 has no completed booking for event id: 1
2026-08-21 03:11:19.746 INFO  [main] com.lhind.event_booking_api.service.ReviewServiceImpl - Creating review for user id: 1 and event id: 1
2026-08-21 03:11:19.746 INFO  [main] com.lhind.event_booking_api.service.ReviewServiceImpl - Review created successfully with id: 1
2026-08-21 03:11:19.751 DEBUG [main] com.lhind.event_booking_api.service.ReviewServiceImpl - Fetching reviews for event id: 1
2026-08-21 03:11:19.751 INFO  [main] com.lhind.event_booking_api.service.ReviewServiceImpl - Update requested for review id: 1 by user id: 1
2026-08-21 03:11:19.751 DEBUG [main] com.lhind.event_booking_api.service.ReviewServiceImpl - Review ownership validation successful. Review id: 1, user id: 1, admin: false
2026-08-21 03:11:19.751 INFO  [main] com.lhind.event_booking_api.service.ReviewServiceImpl - Review updated successfully with id: 1
2026-08-21 03:11:19.757 DEBUG [main] com.lhind.event_booking_api.service.ReviewServiceImpl - Fetching review by id: 99
2026-08-21 03:11:19.759 WARN  [main] com.lhind.event_booking_api.service.ReviewServiceImpl - Review not found with id: 99
2026-08-21 03:11:19.759 DEBUG [main] com.lhind.event_booking_api.service.ReviewServiceImpl - Fetching reviews for event id: 99
2026-08-21 03:11:19.759 WARN  [main] com.lhind.event_booking_api.service.ReviewServiceImpl - Event not found with id: 99
2026-08-21 03:11:19.767 INFO  [main] com.lhind.event_booking_api.service.ReviewServiceImpl - Creating review for user id: 1 and event id: 1
2026-08-21 03:11:19.767 WARN  [main] com.lhind.event_booking_api.service.ReviewServiceImpl - Duplicate review attempt. User id: 1, event id: 1
2026-08-21 03:11:19.770 DEBUG [main] com.lhind.event_booking_api.service.ReviewServiceImpl - Fetching review by id: 1
2026-08-21 03:11:19.774 DEBUG [main] com.lhind.event_booking_api.service.ReviewServiceImpl - Fetching reviews for user id: 1
2026-08-21 03:11:19.774 INFO  [main] com.lhind.event_booking_api.service.ReviewServiceImpl - Delete requested for review id: 1 by user id: 50
2026-08-21 03:11:19.774 DEBUG [main] com.lhind.event_booking_api.service.ReviewServiceImpl - Review ownership validation successful. Review id: 1, user id: 50, admin: true
2026-08-21 03:11:19.774 INFO  [main] com.lhind.event_booking_api.service.ReviewServiceImpl - Review deleted successfully with id: 1
2026-08-21 03:11:19.780 INFO  [main] com.lhind.event_booking_api.service.ReviewServiceImpl - Update requested for review id: 1 by user id: 1
2026-08-21 03:11:19.780 DEBUG [main] com.lhind.event_booking_api.service.ReviewServiceImpl - Review ownership validation successful. Review id: 1, user id: 1, admin: false
2026-08-21 03:11:19.780 WARN  [main] com.lhind.event_booking_api.service.ReviewServiceImpl - Review id: 1 cannot be moved from event id: 1 to event id: 2
2026-08-21 03:11:19.784 INFO  [main] com.lhind.event_booking_api.service.ReviewServiceImpl - Update requested for review id: 1 by user id: 99
2026-08-21 03:11:19.784 WARN  [main] com.lhind.event_booking_api.service.ReviewServiceImpl - Unauthorized review modification attempt. Review id: 1, user id: 99
2026-08-21 03:11:19.791 INFO  [main] com.lhind.event_booking_api.service.ReviewServiceImpl - Delete requested for review id: 1 by user id: 99
2026-08-21 03:11:19.791 WARN  [main] com.lhind.event_booking_api.service.ReviewServiceImpl - Unauthorized review modification attempt. Review id: 1, user id: 99
2026-08-21 03:11:19.864 DEBUG [main] com.lhind.event_booking_api.service.SeatServiceImpl - Fetching seats for venue id: 1
2026-08-21 03:11:19.864 INFO  [main] com.lhind.event_booking_api.service.SeatServiceImpl - Update requested for seat id: 1
2026-08-21 03:11:19.864 INFO  [main] com.lhind.event_booking_api.service.SeatServiceImpl - Seat updated successfully with id: 1
2026-08-21 03:11:19.864 INFO  [main] com.lhind.event_booking_api.service.SeatServiceImpl - Update requested for seat id: 1
2026-08-21 03:11:19.864 WARN  [main] com.lhind.event_booking_api.service.SeatServiceImpl - Seat update rejected. Seat A-2 already exists in venue id: 1
2026-08-21 03:11:19.864 DEBUG [main] com.lhind.event_booking_api.service.SeatServiceImpl - Fetching seats for venue id: 99
2026-08-21 03:11:19.864 WARN  [main] com.lhind.event_booking_api.service.SeatServiceImpl - Venue not found with id: 99 while fetching seats
2026-08-21 03:11:19.880 INFO  [main] com.lhind.event_booking_api.service.SeatServiceImpl - Creating seat A-1 for venue id: 1
2026-08-21 03:11:19.880 INFO  [main] com.lhind.event_booking_api.service.SeatServiceImpl - Seat created successfully with id: 1
2026-08-21 03:11:19.884 DEBUG [main] com.lhind.event_booking_api.service.SeatServiceImpl - Fetching seat by id: 99
2026-08-21 03:11:19.884 WARN  [main] com.lhind.event_booking_api.service.SeatServiceImpl - Seat not found with id: 99
2026-08-21 03:11:19.889 INFO  [main] com.lhind.event_booking_api.service.SeatServiceImpl - Creating seat A-1 for venue id: 1
2026-08-21 03:11:19.889 WARN  [main] com.lhind.event_booking_api.service.SeatServiceImpl - Seat creation rejected. Seat A-1 already exists in venue id: 1
2026-08-21 03:11:19.893 DEBUG [main] com.lhind.event_booking_api.service.SeatServiceImpl - Fetching seat by id: 1
2026-08-21 03:11:19.896 WARN  [main] com.lhind.event_booking_api.service.SeatServiceImpl - Venue not found with name 'Tirana Arena' and city 'Tirana'
2026-08-21 03:11:19.902 INFO  [main] com.lhind.event_booking_api.service.SeatServiceImpl - Delete requested for seat id: 1
2026-08-21 03:11:19.902 INFO  [main] com.lhind.event_booking_api.service.SeatServiceImpl - Seat deleted successfully with id: 1
2026-08-21 03:11:19.905 DEBUG [main] com.lhind.event_booking_api.service.SeatServiceImpl - Fetching all seats
2026-08-21 03:11:19.907 INFO  [main] com.lhind.event_booking_api.service.SeatServiceImpl - Delete requested for seat id: 99
2026-08-21 03:11:19.907 WARN  [main] com.lhind.event_booking_api.service.SeatServiceImpl - Seat not found with id: 99
2026-08-21 03:11:19.917 INFO  [main] com.lhind.event_booking_api.service.UserServiceImpl - Password change requested for user id: 1
2026-08-21 03:11:19.917 WARN  [main] com.lhind.event_booking_api.service.UserServiceImpl - Password change rejected for user id: 1 because new password matches current password
2026-08-21 03:11:19.917 INFO  [main] com.lhind.event_booking_api.service.UserServiceImpl - Delete requested for user id: 1
2026-08-21 03:11:19.917 INFO  [main] com.lhind.event_booking_api.service.UserServiceImpl - User deleted successfully with id: 1
2026-08-21 03:11:19.917 INFO  [main] com.lhind.event_booking_api.service.UserServiceImpl - Delete requested for user id: 99
2026-08-21 03:11:19.917 WARN  [main] com.lhind.event_booking_api.service.UserServiceImpl - User not found with id: 99
2026-08-21 03:11:19.928 INFO  [main] com.lhind.event_booking_api.service.UserServiceImpl - Profile update requested for user id: 1
2026-08-21 03:11:19.928 INFO  [main] com.lhind.event_booking_api.service.UserServiceImpl - User profile updated successfully with id: 1
2026-08-21 03:11:19.931 DEBUG [main] com.lhind.event_booking_api.service.UserServiceImpl - Fetching current user with id: 1
2026-08-21 03:11:19.933 INFO  [main] com.lhind.event_booking_api.service.UserServiceImpl - Role update requested for user id: 1. New role: ORGANIZER
2026-08-21 03:11:19.933 INFO  [main] com.lhind.event_booking_api.service.UserServiceImpl - User role updated successfully for user id: 1 to role: ORGANIZER
2026-08-21 03:11:19.937 INFO  [main] com.lhind.event_booking_api.service.UserServiceImpl - Profile update requested for user id: 1
2026-08-21 03:11:19.937 WARN  [main] com.lhind.event_booking_api.service.UserServiceImpl - Profile update rejected for user id: 1 because email already exists: existing@test.com
2026-08-21 03:11:19.937 INFO  [main] com.lhind.event_booking_api.service.UserServiceImpl - Password change requested for user id: 1
2026-08-21 03:11:19.937 INFO  [main] com.lhind.event_booking_api.service.UserServiceImpl - Password changed successfully for user id: 1
2026-08-21 03:11:19.944 DEBUG [main] com.lhind.event_booking_api.service.UserServiceImpl - Fetching user by id: 1
2026-08-21 03:11:19.946 DEBUG [main] com.lhind.event_booking_api.service.UserServiceImpl - Fetching all users
2026-08-21 03:11:19.946 DEBUG [main] com.lhind.event_booking_api.service.UserServiceImpl - Fetching user by id: 99
2026-08-21 03:11:19.946 WARN  [main] com.lhind.event_booking_api.service.UserServiceImpl - User not found with id: 99
2026-08-21 03:11:19.955 INFO  [main] com.lhind.event_booking_api.service.UserServiceImpl - Password change requested for user id: 1
2026-08-21 03:11:19.955 WARN  [main] com.lhind.event_booking_api.service.UserServiceImpl - Password change rejected for user id: 1 because current password is incorrect
2026-08-21 03:11:19.955 INFO  [main] com.lhind.event_booking_api.service.UserServiceImpl - Password change requested for user id: 1
2026-08-21 03:11:19.960 WARN  [main] com.lhind.event_booking_api.service.UserServiceImpl - Password change rejected for user id: 1 because confirmation does not match
2026-08-21 03:11:20.033 INFO  [main] com.lhind.event_booking_api.service.VenueServiceImpl - Creating venue with name: Tirana Arena in city: Tirana
2026-08-21 03:11:20.033 INFO  [main] com.lhind.event_booking_api.service.VenueServiceImpl - Venue created successfully with id: 1
2026-08-21 03:11:20.033 DEBUG [main] com.lhind.event_booking_api.service.VenueServiceImpl - Fetching venue by id: 99
2026-08-21 03:11:20.033 WARN  [main] com.lhind.event_booking_api.service.VenueServiceImpl - Venue not found with id: 99
2026-08-21 03:11:20.033 INFO  [main] com.lhind.event_booking_api.service.VenueServiceImpl - Update requested for venue id: 99
2026-08-21 03:11:20.033 WARN  [main] com.lhind.event_booking_api.service.VenueServiceImpl - Venue not found with id: 99
2026-08-21 03:11:20.033 INFO  [main] com.lhind.event_booking_api.service.VenueServiceImpl - Delete requested for venue id: 99
2026-08-21 03:11:20.033 WARN  [main] com.lhind.event_booking_api.service.VenueServiceImpl - Venue not found with id: 99
2026-08-21 03:11:20.045 INFO  [main] com.lhind.event_booking_api.service.VenueServiceImpl - Update requested for venue id: 1
2026-08-21 03:11:20.045 INFO  [main] com.lhind.event_booking_api.service.VenueServiceImpl - Venue updated successfully with id: 1
2026-08-21 03:11:20.045 DEBUG [main] com.lhind.event_booking_api.service.VenueServiceImpl - Fetching venue by id: 1
2026-08-21 03:11:20.045 INFO  [main] com.lhind.event_booking_api.service.VenueServiceImpl - Delete requested for venue id: 1
2026-08-21 03:11:20.045 INFO  [main] com.lhind.event_booking_api.service.VenueServiceImpl - Venue deleted successfully with id: 1
2026-08-21 03:11:20.045 DEBUG [main] com.lhind.event_booking_api.service.VenueServiceImpl - Fetching all venues
2026-08-21 03:11:20.252 INFO  [SpringApplicationShutdownHook] org.springframework.orm.jpa.LocalContainerEntityManagerFactoryBean - Closing JPA EntityManagerFactory for persistence unit 'default'
2026-08-21 03:11:20.280 INFO  [SpringApplicationShutdownHook] org.springframework.orm.jpa.LocalContainerEntityManagerFactoryBean - Closing JPA EntityManagerFactory for persistence unit 'default'
2026-08-21 03:11:20.291 INFO  [SpringApplicationShutdownHook] org.springframework.orm.jpa.LocalContainerEntityManagerFactoryBean - Closing JPA EntityManagerFactory for persistence unit 'default'
